"csOParentService","csoShortName","catalogitemNumber","csp","category","impactlevel","newService"
"Load Balancer Group 1","Load Balancer","ITEM-00004","aws","Networking","IL5","false"
"Load Balancer Group 1","Load Balancer","ITEM-00005","azure","Networking","IL4","false"
"Load Balancer Group 1","Load Balancer","ITEM-00006","gcp","Networking","IL5","false"
"Load Balancer Group 1","Load Balancer","ITEM-00007","oracle","Networking","IL5","false"
"IAM User Group 2","IAM User","ITEM-00008","aws","Security","IL5","false"
"IAM User Group 2","IAM User","ITEM-00009","azure","Security","IL5","false"
"IAM User Group 2","IAM User","ITEM-00010","gcp","Security","IL3","false"
"IAM User Group 2","IAM User","ITEM-00011","oracle","Security","IL2","false"
"Transcription API Group 3","Transcription API","ITEM-00012","aws","AI and Machine Learning","IL2","false"
"Transcription API Group 3","Transcription API","ITEM-00013","azure","AI and Machine Learning","IL3","false"
"Transcription API Group 3","Transcription API","ITEM-00014","gcp","AI and Machine Learning","IL2","false"
"Transcription API Group 3","Transcription API","ITEM-00015","oracle","AI and Machine Learning","IL3","false"
"CDN Distribution Group 4","CDN Distribution","ITEM-00016","aws","Networking","IL4","false"
"CDN Distribution Group 4","CDN Distribution","ITEM-00017","azure","Networking","IL4","false"
"CDN Distribution Group 4","CDN Distribution","ITEM-00018","gcp","Networking","IL4","false"
"CDN Distribution Group 4","CDN Distribution","ITEM-00019","oracle","Networking","IL5","false"
"CDN Distribution Group 5","CDN Distribution","ITEM-00020","aws","Networking","IL5","false"
"CDN Distribution Group 5","CDN Distribution","ITEM-00021","azure","Networking","IL3","false"
"CDN Distribution Group 5","CDN Distribution","ITEM-00022","gcp","Networking","IL4","false"
"CDN Distribution Group 5","CDN Distribution","ITEM-00023","oracle","Networking","IL2","false"
"Virtual Machine Group 6","Virtual Machine","ITEM-00024","aws","Compute","IL3","false"
"Virtual Machine Group 6","Virtual Machine","ITEM-00025","azure","Compute","IL5","false"
"Virtual Machine Group 6","Virtual Machine","ITEM-00026","gcp","Compute","IL3","false"
"Virtual Machine Group 6","Virtual Machine","ITEM-00027","oracle","Compute","IL5","false"
"Load Balancer Group 7","Load Balancer","ITEM-00028","aws","Networking","IL2","false"
"Load Balancer Group 7","Load Balancer","ITEM-00029","azure","Networking","IL4","false"
"Load Balancer Group 7","Load Balancer","ITEM-00030","gcp","Networking","IL5","false"
"Load Balancer Group 7","Load Balancer","ITEM-00031","oracle","Networking","IL3","false"
"WAF Policy Group 8","WAF Policy","ITEM-00032","aws","Security","IL3","false"
"WAF Policy Group 8","WAF Policy","ITEM-00033","azure","Security","IL3","false"
"WAF Policy Group 8","WAF Policy","ITEM-00034","gcp","Security","IL3","false"
"WAF Policy Group 8","WAF Policy","ITEM-00035","oracle","Security","IL3","false"
"ML Endpoint Group 9","ML Endpoint","ITEM-00036","aws","AI and Machine Learning","IL5","false"
"ML Endpoint Group 9","ML Endpoint","ITEM-00037","azure","AI and Machine Learning","IL2","false"
"ML Endpoint Group 9","ML Endpoint","ITEM-00038","gcp","AI and Machine Learning","IL2","false"
"ML Endpoint Group 9","ML Endpoint","ITEM-00039","oracle","AI and Machine Learning","IL5","false"
"WAF Policy Group 10","WAF Policy","ITEM-00040","aws","Security","IL3","false"
"WAF Policy Group 10","WAF Policy","ITEM-00041","azure","Security","IL3","false"
"WAF Policy Group 10","WAF Policy","ITEM-00042","gcp","Security","IL3","false"
"WAF Policy Group 10","WAF Policy","ITEM-00043","oracle","Security","IL4","false"
"Virtual Machine Group 11","Virtual Machine","ITEM-00044","aws","Compute","IL4","false"
"Virtual Machine Group 11","Virtual Machine","ITEM-00045","azure","Compute","IL5","false"
"Virtual Machine Group 11","Virtual Machine","ITEM-00046","gcp","Compute","IL5","false"
"Virtual Machine Group 11","Virtual Machine","ITEM-00047","oracle","Compute","IL4","false"
"Analysis Service Group 12","Analysis Service","ITEM-00048","aws","AI and Machine Learning","IL2","false"
"Analysis Service Group 12","Analysis Service","ITEM-00049","azure","AI and Machine Learning","IL2","false"
"Analysis Service Group 12","Analysis Service","ITEM-00050","gcp","AI and Machine Learning","IL4","false"
"Analysis Service Group 12","Analysis Service","ITEM-00051","oracle","AI and Machine Learning","IL4","false"
"CDN Distribution Group 13","CDN Distribution","ITEM-00052","aws","Networking","IL5","false"
"CDN Distribution Group 13","CDN Distribution","ITEM-00053","azure","Networking","IL4","false"
"CDN Distribution Group 13","CDN Distribution","ITEM-00054","gcp","Networking","IL4","false"
"CDN Distribution Group 13","CDN Distribution","ITEM-00055","oracle","Networking","IL2","false"
"Analysis Service Group 14","Analysis Service","ITEM-00056","aws","AI and Machine Learning","IL2","false"
"Analysis Service Group 14","Analysis Service","ITEM-00057","azure","AI and Machine Learning","IL4","false"
"Analysis Service Group 14","Analysis Service","ITEM-00058","gcp","AI and Machine Learning","IL5","false"
"Analysis Service Group 14","Analysis Service","ITEM-00059","oracle","AI and Machine Learning","IL4","false"
"Transcription API Group 15","Transcription API","ITEM-00060","aws","AI and Machine Learning","IL3","false"
"Transcription API Group 15","Transcription API","ITEM-00061","azure","AI and Machine Learning","IL5","false"
"Transcription API Group 15","Transcription API","ITEM-00062","gcp","AI and Machine Learning","IL5","false"
"Transcription API Group 15","Transcription API","ITEM-00063","oracle","AI and Machine Learning","IL5","false"
"IAM User Group 16","IAM User","ITEM-00064","aws","Security","IL2","false"
"IAM User Group 16","IAM User","ITEM-00065","azure","Security","IL5","false"
"IAM User Group 16","IAM User","ITEM-00066","gcp","Security","IL4","false"
"IAM User Group 16","IAM User","ITEM-00067","oracle","Security","IL5","false"
"Analysis Service Group 17","Analysis Service","ITEM-00068","aws","AI and Machine Learning","IL4","false"
"Analysis Service Group 17","Analysis Service","ITEM-00069","azure","AI and Machine Learning","IL5","false"
"Analysis Service Group 17","Analysis Service","ITEM-00070","gcp","AI and Machine Learning","IL4","false"
"Analysis Service Group 17","Analysis Service","ITEM-00071","oracle","AI and Machine Learning","IL2","false"
"Managed SQL Group 18","Managed SQL","ITEM-00072","aws","Database","IL4","false"
"Managed SQL Group 18","Managed SQL","ITEM-00073","azure","Database","IL2","false"
"Managed SQL Group 18","Managed SQL","ITEM-00074","gcp","Database","IL2","false"
"Managed SQL Group 18","Managed SQL","ITEM-00075","oracle","Database","IL5","false"
"IAM User Group 19","IAM User","ITEM-00076","aws","Security","IL4","false"
"IAM User Group 19","IAM User","ITEM-00077","azure","Security","IL2","false"
"IAM User Group 19","IAM User","ITEM-00078","gcp","Security","IL3","false"
"IAM User Group 19","IAM User","ITEM-00079","oracle","Security","IL4","false"
"IAM User Group 20","IAM User","ITEM-00080","aws","Security","IL3","false"
"IAM User Group 20","IAM User","ITEM-00081","azure","Security","IL3","false"
"IAM User Group 20","IAM User","ITEM-00082","gcp","Security","IL5","false"
"IAM User Group 20","IAM User","ITEM-00083","oracle","Security","IL5","false"
"Object Bucket Group 21","Object Bucket","ITEM-00084","aws","Storage","IL5","false"
"Object Bucket Group 21","Object Bucket","ITEM-00085","azure","Storage","IL5","false"
"Object Bucket Group 21","Object Bucket","ITEM-00086","gcp","Storage","IL3","false"
"Object Bucket Group 21","Object Bucket","ITEM-00087","oracle","Storage","IL5","false"
"IAM User Group 22","IAM User","ITEM-00088","aws","Security","IL3","false"
"IAM User Group 22","IAM User","ITEM-00089","azure","Security","IL4","false"
"IAM User Group 22","IAM User","ITEM-00090","gcp","Security","IL2","false"
"IAM User Group 22","IAM User","ITEM-00091","oracle","Security","IL2","false"
"KMS Key Group 23","KMS Key","ITEM-00092","aws","Security","IL4","false"
"KMS Key Group 23","KMS Key","ITEM-00093","azure","Security","IL4","false"
"KMS Key Group 23","KMS Key","ITEM-00094","gcp","Security","IL4","false"
"KMS Key Group 23","KMS Key","ITEM-00095","oracle","Security","IL4","false"
"Managed SQL Group 24","Managed SQL","ITEM-00096","aws","Database","IL2","false"
"Managed SQL Group 24","Managed SQL","ITEM-00097","azure","Database","IL5","false"
"Managed SQL Group 24","Managed SQL","ITEM-00098","gcp","Database","IL4","false"
"Managed SQL Group 24","Managed SQL","ITEM-00099","oracle","Database","IL2","false"
"IAM User Group 25","IAM User","ITEM-00100","aws","Security","IL3","false"
"IAM User Group 25","IAM User","ITEM-00101","azure","Security","IL3","false"
"IAM User Group 25","IAM User","ITEM-00102","gcp","Security","IL4","false"
"IAM User Group 25","IAM User","ITEM-00103","oracle","Security","IL5","false"
"CDN Distribution Group 26","CDN Distribution","ITEM-00104","aws","Networking","IL2","false"
"CDN Distribution Group 26","CDN Distribution","ITEM-00105","azure","Networking","IL5","false"
"CDN Distribution Group 26","CDN Distribution","ITEM-00106","gcp","Networking","IL5","false"
"CDN Distribution Group 26","CDN Distribution","ITEM-00107","oracle","Networking","IL2","false"
"IAM User Group 27","IAM User","ITEM-00108","aws","Security","IL2","false"
"IAM User Group 27","IAM User","ITEM-00109","azure","Security","IL2","false"
"IAM User Group 27","IAM User","ITEM-00110","gcp","Security","IL3","false"
"IAM User Group 27","IAM User","ITEM-00111","oracle","Security","IL4","false"
"CDN Distribution Group 28","CDN Distribution","ITEM-00112","aws","Networking","IL4","false"
"CDN Distribution Group 28","CDN Distribution","ITEM-00113","azure","Networking","IL4","false"
"CDN Distribution Group 28","CDN Distribution","ITEM-00114","gcp","Networking","IL3","false"
"CDN Distribution Group 28","CDN Distribution","ITEM-00115","oracle","Networking","IL3","false"
"ML Endpoint Group 29","ML Endpoint","ITEM-00116","aws","AI and Machine Learning","IL5","false"
"ML Endpoint Group 29","ML Endpoint","ITEM-00117","azure","AI and Machine Learning","IL4","false"
"ML Endpoint Group 29","ML Endpoint","ITEM-00118","gcp","AI and Machine Learning","IL4","false"
"ML Endpoint Group 29","ML Endpoint","ITEM-00119","oracle","AI and Machine Learning","IL2","false"
"Analysis Service Group 30","Analysis Service","ITEM-00120","aws","AI and Machine Learning","IL2","false"
"Analysis Service Group 30","Analysis Service","ITEM-00121","azure","AI and Machine Learning","IL4","false"
"Analysis Service Group 30","Analysis Service","ITEM-00122","gcp","AI and Machine Learning","IL3","false"
"Analysis Service Group 30","Analysis Service","ITEM-00123","oracle","AI and Machine Learning","IL3","false"
"Load Balancer Group 31","Load Balancer","ITEM-00124","aws","Networking","IL3","false"
"Load Balancer Group 31","Load Balancer","ITEM-00125","azure","Networking","IL4","false"
"Load Balancer Group 31","Load Balancer","ITEM-00126","gcp","Networking","IL2","false"
"Load Balancer Group 31","Load Balancer","ITEM-00127","oracle","Networking","IL5","false"
"CDN Distribution Group 32","CDN Distribution","ITEM-00128","aws","Networking","IL3","false"
"CDN Distribution Group 32","CDN Distribution","ITEM-00129","azure","Networking","IL5","false"
"CDN Distribution Group 32","CDN Distribution","ITEM-00130","gcp","Networking","IL2","false"
"CDN Distribution Group 32","CDN Distribution","ITEM-00131","oracle","Networking","IL4","false"
"KMS Key Group 33","KMS Key","ITEM-00132","aws","Security","IL4","false"
"KMS Key Group 33","KMS Key","ITEM-00133","azure","Security","IL3","false"
"KMS Key Group 33","KMS Key","ITEM-00134","gcp","Security","IL3","false"
"KMS Key Group 33","KMS Key","ITEM-00135","oracle","Security","IL4","false"
"WAF Policy Group 34","WAF Policy","ITEM-00136","aws","Security","IL2","false"
"WAF Policy Group 34","WAF Policy","ITEM-00137","azure","Security","IL3","false"
"WAF Policy Group 34","WAF Policy","ITEM-00138","gcp","Security","IL4","false"
"WAF Policy Group 34","WAF Policy","ITEM-00139","oracle","Security","IL3","false"
"CDN Distribution Group 35","CDN Distribution","ITEM-00140","aws","Networking","IL2","false"
"CDN Distribution Group 35","CDN Distribution","ITEM-00141","azure","Networking","IL3","false"
"CDN Distribution Group 35","CDN Distribution","ITEM-00142","gcp","Networking","IL4","false"
"CDN Distribution Group 35","CDN Distribution","ITEM-00143","oracle","Networking","IL2","false"
"Managed SQL Group 36","Managed SQL","ITEM-00144","aws","Database","IL3","false"
"Managed SQL Group 36","Managed SQL","ITEM-00145","azure","Database","IL5","false"
"Managed SQL Group 36","Managed SQL","ITEM-00146","gcp","Database","IL3","false"
"Managed SQL Group 36","Managed SQL","ITEM-00147","oracle","Database","IL5","false"
"WAF Policy Group 37","WAF Policy","ITEM-00148","aws","Security","IL5","false"
"WAF Policy Group 37","WAF Policy","ITEM-00149","azure","Security","IL2","false"
"WAF Policy Group 37","WAF Policy","ITEM-00150","gcp","Security","IL3","false"
"WAF Policy Group 37","WAF Policy","ITEM-00151","oracle","Security","IL2","false"
"IAM User Group 38","IAM User","ITEM-00152","aws","Security","IL5","false"
"IAM User Group 38","IAM User","ITEM-00153","azure","Security","IL5","false"
"IAM User Group 38","IAM User","ITEM-00154","gcp","Security","IL4","false"
"IAM User Group 38","IAM User","ITEM-00155","oracle","Security","IL5","false"
"ML Endpoint Group 39","ML Endpoint","ITEM-00156","aws","AI and Machine Learning","IL5","false"
"ML Endpoint Group 39","ML Endpoint","ITEM-00157","azure","AI and Machine Learning","IL5","false"
"ML Endpoint Group 39","ML Endpoint","ITEM-00158","gcp","AI and Machine Learning","IL4","false"
"ML Endpoint Group 39","ML Endpoint","ITEM-00159","oracle","AI and Machine Learning","IL2","false"
"Transcription API Group 40","Transcription API","ITEM-00160","aws","AI and Machine Learning","IL2","false"
"Transcription API Group 40","Transcription API","ITEM-00161","azure","AI and Machine Learning","IL2","false"
"Transcription API Group 40","Transcription API","ITEM-00162","gcp","AI and Machine Learning","IL2","false"
"Transcription API Group 40","Transcription API","ITEM-00163","oracle","AI and Machine Learning","IL4","false"
"WAF Policy Group 41","WAF Policy","ITEM-00164","aws","Security","IL4","false"
"WAF Policy Group 41","WAF Policy","ITEM-00165","azure","Security","IL3","false"
"WAF Policy Group 41","WAF Policy","ITEM-00166","gcp","Security","IL2","false"
"WAF Policy Group 41","WAF Policy","ITEM-00167","oracle","Security","IL5","false"
"ML Endpoint Group 42","ML Endpoint","ITEM-00168","aws","AI and Machine Learning","IL4","false"
"ML Endpoint Group 42","ML Endpoint","ITEM-00169","azure","AI and Machine Learning","IL2","false"
"ML Endpoint Group 42","ML Endpoint","ITEM-00170","gcp","AI and Machine Learning","IL5","false"
"ML Endpoint Group 42","ML Endpoint","ITEM-00171","oracle","AI and Machine Learning","IL3","false"
"IAM User Group 43","IAM User","ITEM-00172","aws","Security","IL3","false"
"IAM User Group 43","IAM User","ITEM-00173","azure","Security","IL2","false"
"IAM User Group 43","IAM User","ITEM-00174","gcp","Security","IL3","false"
"IAM User Group 43","IAM User","ITEM-00175","oracle","Security","IL2","false"
"ML Endpoint Group 44","ML Endpoint","ITEM-00176","aws","AI and Machine Learning","IL3","false"
"ML Endpoint Group 44","ML Endpoint","ITEM-00177","azure","AI and Machine Learning","IL2","false"
"ML Endpoint Group 44","ML Endpoint","ITEM-00178","gcp","AI and Machine Learning","IL2","false"
"ML Endpoint Group 44","ML Endpoint","ITEM-00179","oracle","AI and Machine Learning","IL3","false"
"WAF Policy Group 45","WAF Policy","ITEM-00180","aws","Security","IL4","false"
"WAF Policy Group 45","WAF Policy","ITEM-00181","azure","Security","IL2","false"
"WAF Policy Group 45","WAF Policy","ITEM-00182","gcp","Security","IL5","false"
"WAF Policy Group 45","WAF Policy","ITEM-00183","oracle","Security","IL5","false"
"Analysis Service Group 46","Analysis Service","ITEM-00184","aws","AI and Machine Learning","IL4","false"
"Analysis Service Group 46","Analysis Service","ITEM-00185","azure","AI and Machine Learning","IL2","false"
"Analysis Service Group 46","Analysis Service","ITEM-00186","gcp","AI and Machine Learning","IL2","false"
"Analysis Service Group 46","Analysis Service","ITEM-00187","oracle","AI and Machine Learning","IL3","false"
"KMS Key Group 47","KMS Key","ITEM-00188","aws","Security","IL2","false"
"KMS Key Group 47","KMS Key","ITEM-00189","azure","Security","IL4","false"
"KMS Key Group 47","KMS Key","ITEM-00190","gcp","Security","IL3","false"
"KMS Key Group 47","KMS Key","ITEM-00191","oracle","Security","IL2","false"
"Object Bucket Group 48","Object Bucket","ITEM-00192","aws","Storage","IL2","false"
"Object Bucket Group 48","Object Bucket","ITEM-00193","azure","Storage","IL2","false"
"Object Bucket Group 48","Object Bucket","ITEM-00194","gcp","Storage","IL3","false"
"Object Bucket Group 48","Object Bucket","ITEM-00195","oracle","Storage","IL4","false"
"IAM User Group 49","IAM User","ITEM-00196","aws","Security","IL2","false"
"IAM User Group 49","IAM User","ITEM-00197","azure","Security","IL2","false"
"IAM User Group 49","IAM User","ITEM-00198","gcp","Security","IL2","false"
"IAM User Group 49","IAM User","ITEM-00199","oracle","Security","IL2","false"
"Transcription API Group 50","Transcription API","ITEM-00200","aws","AI and Machine Learning","IL4","false"
"Transcription API Group 50","Transcription API","ITEM-00201","azure","AI and Machine Learning","IL3","false"
"Transcription API Group 50","Transcription API","ITEM-00202","gcp","AI and Machine Learning","IL5","false"
"Transcription API Group 50","Transcription API","ITEM-00203","oracle","AI and Machine Learning","IL4","false"
"Managed SQL Group 51","Managed SQL","ITEM-00204","aws","Database","IL5","false"
"Managed SQL Group 51","Managed SQL","ITEM-00205","azure","Database","IL2","false"
"Managed SQL Group 51","Managed SQL","ITEM-00206","gcp","Database","IL4","false"
"Managed SQL Group 51","Managed SQL","ITEM-00207","oracle","Database","IL4","false"
"Virtual Machine Group 52","Virtual Machine","ITEM-00208","aws","Compute","IL4","false"
"Virtual Machine Group 52","Virtual Machine","ITEM-00209","azure","Compute","IL2","false"
"Virtual Machine Group 52","Virtual Machine","ITEM-00210","gcp","Compute","IL2","false"
"Virtual Machine Group 52","Virtual Machine","ITEM-00211","oracle","Compute","IL4","false"
"Managed SQL Group 53","Managed SQL","ITEM-00212","aws","Database","IL3","false"
"Managed SQL Group 53","Managed SQL","ITEM-00213","azure","Database","IL4","false"
"Managed SQL Group 53","Managed SQL","ITEM-00214","gcp","Database","IL3","false"
"Managed SQL Group 53","Managed SQL","ITEM-00215","oracle","Database","IL5","false"
"WAF Policy Group 54","WAF Policy","ITEM-00216","aws","Security","IL2","false"
"WAF Policy Group 54","WAF Policy","ITEM-00217","azure","Security","IL5","false"
"WAF Policy Group 54","WAF Policy","ITEM-00218","gcp","Security","IL4","false"
"WAF Policy Group 54","WAF Policy","ITEM-00219","oracle","Security","IL2","false"
"Object Bucket Group 55","Object Bucket","ITEM-00220","aws","Storage","IL2","false"
"Object Bucket Group 55","Object Bucket","ITEM-00221","azure","Storage","IL5","false"
"Object Bucket Group 55","Object Bucket","ITEM-00222","gcp","Storage","IL2","false"
"Object Bucket Group 55","Object Bucket","ITEM-00223","oracle","Storage","IL3","false"
"Object Bucket Group 56","Object Bucket","ITEM-00224","aws","Storage","IL2","false"
"Object Bucket Group 56","Object Bucket","ITEM-00225","azure","Storage","IL2","false"
"Object Bucket Group 56","Object Bucket","ITEM-00226","gcp","Storage","IL5","false"
"Object Bucket Group 56","Object Bucket","ITEM-00227","oracle","Storage","IL5","false"
"Object Bucket Group 57","Object Bucket","ITEM-00228","aws","Storage","IL2","false"
"Object Bucket Group 57","Object Bucket","ITEM-00229","azure","Storage","IL3","false"
"Object Bucket Group 57","Object Bucket","ITEM-00230","gcp","Storage","IL3","false"
"Object Bucket Group 57","Object Bucket","ITEM-00231","oracle","Storage","IL3","false"
"IAM User Group 58","IAM User","ITEM-00232","aws","Security","IL5","false"
"IAM User Group 58","IAM User","ITEM-00233","azure","Security","IL3","false"
"IAM User Group 58","IAM User","ITEM-00234","gcp","Security","IL4","false"
"IAM User Group 58","IAM User","ITEM-00235","oracle","Security","IL2","false"
"Virtual Machine Group 59","Virtual Machine","ITEM-00236","aws","Compute","IL4","false"
"Virtual Machine Group 59","Virtual Machine","ITEM-00237","azure","Compute","IL3","false"
"Virtual Machine Group 59","Virtual Machine","ITEM-00238","gcp","Compute","IL2","false"
"Virtual Machine Group 59","Virtual Machine","ITEM-00239","oracle","Compute","IL3","false"
"Virtual Machine Group 60","Virtual Machine","ITEM-00240","aws","Compute","IL2","false"
"Virtual Machine Group 60","Virtual Machine","ITEM-00241","azure","Compute","IL4","false"
"Virtual Machine Group 60","Virtual Machine","ITEM-00242","gcp","Compute","IL3","false"
"Virtual Machine Group 60","Virtual Machine","ITEM-00243","oracle","Compute","IL3","false"
"IAM User Group 61","IAM User","ITEM-00244","aws","Security","IL4","false"
"IAM User Group 61","IAM User","ITEM-00245","azure","Security","IL4","false"
"IAM User Group 61","IAM User","ITEM-00246","gcp","Security","IL5","false"
"IAM User Group 61","IAM User","ITEM-00247","oracle","Security","IL5","false"
"ML Endpoint Group 62","ML Endpoint","ITEM-00248","aws","AI and Machine Learning","IL2","false"
"ML Endpoint Group 62","ML Endpoint","ITEM-00249","azure","AI and Machine Learning","IL5","false"
"ML Endpoint Group 62","ML Endpoint","ITEM-00250","gcp","AI and Machine Learning","IL2","false"
"ML Endpoint Group 62","ML Endpoint","ITEM-00251","oracle","AI and Machine Learning","IL5","false"
"Virtual Machine Group 63","Virtual Machine","ITEM-00252","aws","Compute","IL5","false"
"Virtual Machine Group 63","Virtual Machine","ITEM-00253","azure","Compute","IL2","false"
"Virtual Machine Group 63","Virtual Machine","ITEM-00254","gcp","Compute","IL5","false"
"Virtual Machine Group 63","Virtual Machine","ITEM-00255","oracle","Compute","IL2","false"
"Load Balancer Group 64","Load Balancer","ITEM-00256","aws","Networking","IL3","false"
"Load Balancer Group 64","Load Balancer","ITEM-00257","azure","Networking","IL3","false"
"Load Balancer Group 64","Load Balancer","ITEM-00258","gcp","Networking","IL4","false"
"Load Balancer Group 64","Load Balancer","ITEM-00259","oracle","Networking","IL5","false"
"CDN Distribution Group 65","CDN Distribution","ITEM-00260","aws","Networking","IL4","false"
"CDN Distribution Group 65","CDN Distribution","ITEM-00261","azure","Networking","IL5","false"
"CDN Distribution Group 65","CDN Distribution","ITEM-00262","gcp","Networking","IL3","false"
"CDN Distribution Group 65","CDN Distribution","ITEM-00263","oracle","Networking","IL3","false"
"Analysis Service Group 66","Analysis Service","ITEM-00264","aws","AI and Machine Learning","IL3","false"
"Analysis Service Group 66","Analysis Service","ITEM-00265","azure","AI and Machine Learning","IL2","false"
"Analysis Service Group 66","Analysis Service","ITEM-00266","gcp","AI and Machine Learning","IL3","false"
"Analysis Service Group 66","Analysis Service","ITEM-00267","oracle","AI and Machine Learning","IL4","false"
"IAM User Group 67","IAM User","ITEM-00268","aws","Security","IL4","false"
"IAM User Group 67","IAM User","ITEM-00269","azure","Security","IL3","false"
"IAM User Group 67","IAM User","ITEM-00270","gcp","Security","IL2","false"
"IAM User Group 67","IAM User","ITEM-00271","oracle","Security","IL4","false"
"CDN Distribution Group 68","CDN Distribution","ITEM-00272","aws","Networking","IL3","false"
"CDN Distribution Group 68","CDN Distribution","ITEM-00273","azure","Networking","IL4","false"
"CDN Distribution Group 68","CDN Distribution","ITEM-00274","gcp","Networking","IL5","false"
"CDN Distribution Group 68","CDN Distribution","ITEM-00275","oracle","Networking","IL4","false"
"WAF Policy Group 69","WAF Policy","ITEM-00276","aws","Security","IL5","false"
"WAF Policy Group 69","WAF Policy","ITEM-00277","azure","Security","IL3","false"
"WAF Policy Group 69","WAF Policy","ITEM-00278","gcp","Security","IL3","false"
"WAF Policy Group 69","WAF Policy","ITEM-00279","oracle","Security","IL5","false"
"VPC Network Group 70","VPC Network","ITEM-00280","aws","Networking","IL4","false"
"VPC Network Group 70","VPC Network","ITEM-00281","azure","Networking","IL3","false"
"VPC Network Group 70","VPC Network","ITEM-00282","gcp","Networking","IL3","false"
"VPC Network Group 70","VPC Network","ITEM-00283","oracle","Networking","IL3","false"
"ML Endpoint Group 71","ML Endpoint","ITEM-00284","aws","AI and Machine Learning","IL3","false"
"ML Endpoint Group 71","ML Endpoint","ITEM-00285","azure","AI and Machine Learning","IL4","false"
"ML Endpoint Group 71","ML Endpoint","ITEM-00286","gcp","AI and Machine Learning","IL4","false"
"ML Endpoint Group 71","ML Endpoint","ITEM-00287","oracle","AI and Machine Learning","IL3","false"
"ML Endpoint Group 72","ML Endpoint","ITEM-00288","aws","AI and Machine Learning","IL2","false"
"ML Endpoint Group 72","ML Endpoint","ITEM-00289","azure","AI and Machine Learning","IL3","false"
"ML Endpoint Group 72","ML Endpoint","ITEM-00290","gcp","AI and Machine Learning","IL5","false"
"ML Endpoint Group 72","ML Endpoint","ITEM-00291","oracle","AI and Machine Learning","IL3","false"
"Load Balancer Group 73","Load Balancer","ITEM-00292","aws","Networking","IL2","false"
"Load Balancer Group 73","Load Balancer","ITEM-00293","azure","Networking","IL2","false"
"Load Balancer Group 73","Load Balancer","ITEM-00294","gcp","Networking","IL4","false"
"Load Balancer Group 73","Load Balancer","ITEM-00295","oracle","Networking","IL4","false"
"Transcription API Group 74","Transcription API","ITEM-00296","aws","AI and Machine Learning","IL5","false"
"Transcription API Group 74","Transcription API","ITEM-00297","azure","AI and Machine Learning","IL4","false"
"Transcription API Group 74","Transcription API","ITEM-00298","gcp","AI and Machine Learning","IL2","false"
"Transcription API Group 74","Transcription API","ITEM-00299","oracle","AI and Machine Learning","IL4","false"
"Managed SQL Group 75","Managed SQL","ITEM-00300","aws","Database","IL3","false"
"Managed SQL Group 75","Managed SQL","ITEM-00301","azure","Database","IL2","false"
"Managed SQL Group 75","Managed SQL","ITEM-00302","gcp","Database","IL4","false"
"Managed SQL Group 75","Managed SQL","ITEM-00303","oracle","Database","IL3","false"
"WAF Policy Group 76","WAF Policy","ITEM-00304","aws","Security","IL3","false"
"WAF Policy Group 76","WAF Policy","ITEM-00305","azure","Security","IL3","false"
"WAF Policy Group 76","WAF Policy","ITEM-00306","gcp","Security","IL2","false"
"WAF Policy Group 76","WAF Policy","ITEM-00307","oracle","Security","IL3","false"
"CDN Distribution Group 77","CDN Distribution","ITEM-00308","aws","Networking","IL2","false"
"CDN Distribution Group 77","CDN Distribution","ITEM-00309","azure","Networking","IL5","false"
"CDN Distribution Group 77","CDN Distribution","ITEM-00310","gcp","Networking","IL3","false"
"CDN Distribution Group 77","CDN Distribution","ITEM-00311","oracle","Networking","IL4","false"
"Load Balancer Group 78","Load Balancer","ITEM-00312","aws","Networking","IL4","false"
"Load Balancer Group 78","Load Balancer","ITEM-00313","azure","Networking","IL2","false"
"Load Balancer Group 78","Load Balancer","ITEM-00314","gcp","Networking","IL3","false"
"Load Balancer Group 78","Load Balancer","ITEM-00315","oracle","Networking","IL3","false"
"CDN Distribution Group 79","CDN Distribution","ITEM-00316","aws","Networking","IL5","false"
"CDN Distribution Group 79","CDN Distribution","ITEM-00317","azure","Networking","IL3","false"
"CDN Distribution Group 79","CDN Distribution","ITEM-00318","gcp","Networking","IL4","false"
"CDN Distribution Group 79","CDN Distribution","ITEM-00319","oracle","Networking","IL4","false"
"KMS Key Group 80","KMS Key","ITEM-00320","aws","Security","IL2","false"
"KMS Key Group 80","KMS Key","ITEM-00321","azure","Security","IL5","false"
"KMS Key Group 80","KMS Key","ITEM-00322","gcp","Security","IL2","false"
"KMS Key Group 80","KMS Key","ITEM-00323","oracle","Security","IL4","false"
"CDN Distribution Group 81","CDN Distribution","ITEM-00324","aws","Networking","IL5","false"
"CDN Distribution Group 81","CDN Distribution","ITEM-00325","azure","Networking","IL3","false"
"CDN Distribution Group 81","CDN Distribution","ITEM-00326","gcp","Networking","IL4","false"
"CDN Distribution Group 81","CDN Distribution","ITEM-00327","oracle","Networking","IL4","false"
"ML Endpoint Group 82","ML Endpoint","ITEM-00328","aws","AI and Machine Learning","IL5","false"
"ML Endpoint Group 82","ML Endpoint","ITEM-00329","azure","AI and Machine Learning","IL3","false"
"ML Endpoint Group 82","ML Endpoint","ITEM-00330","gcp","AI and Machine Learning","IL3","false"
"ML Endpoint Group 82","ML Endpoint","ITEM-00331","oracle","AI and Machine Learning","IL4","false"
"IAM User Group 83","IAM User","ITEM-00332","aws","Security","IL4","false"
"IAM User Group 83","IAM User","ITEM-00333","azure","Security","IL3","false"
"IAM User Group 83","IAM User","ITEM-00334","gcp","Security","IL3","false"
"IAM User Group 83","IAM User","ITEM-00335","oracle","Security","IL4","false"
"Load Balancer Group 84","Load Balancer","ITEM-00336","aws","Networking","IL4","false"
"Load Balancer Group 84","Load Balancer","ITEM-00337","azure","Networking","IL2","false"
"Load Balancer Group 84","Load Balancer","ITEM-00338","gcp","Networking","IL3","false"
"Load Balancer Group 84","Load Balancer","ITEM-00339","oracle","Networking","IL5","false"
"Load Balancer Group 85","Load Balancer","ITEM-00340","aws","Networking","IL2","false"
"Load Balancer Group 85","Load Balancer","ITEM-00341","azure","Networking","IL3","false"
"Load Balancer Group 85","Load Balancer","ITEM-00342","gcp","Networking","IL2","false"
"Load Balancer Group 85","Load Balancer","ITEM-00343","oracle","Networking","IL2","false"
"KMS Key Group 86","KMS Key","ITEM-00344","aws","Security","IL3","false"
"KMS Key Group 86","KMS Key","ITEM-00345","azure","Security","IL4","false"
"KMS Key Group 86","KMS Key","ITEM-00346","gcp","Security","IL2","false"
"KMS Key Group 86","KMS Key","ITEM-00347","oracle","Security","IL2","false"
"ML Endpoint Group 87","ML Endpoint","ITEM-00348","aws","AI and Machine Learning","IL3","false"
"ML Endpoint Group 87","ML Endpoint","ITEM-00349","azure","AI and Machine Learning","IL2","false"
"ML Endpoint Group 87","ML Endpoint","ITEM-00350","gcp","AI and Machine Learning","IL5","false"
"ML Endpoint Group 87","ML Endpoint","ITEM-00351","oracle","AI and Machine Learning","IL2","false"
"KMS Key Group 88","KMS Key","ITEM-00352","aws","Security","IL5","false"
"KMS Key Group 88","KMS Key","ITEM-00353","azure","Security","IL2","false"
"KMS Key Group 88","KMS Key","ITEM-00354","gcp","Security","IL4","false"
"KMS Key Group 88","KMS Key","ITEM-00355","oracle","Security","IL2","false"
"IAM User Group 89","IAM User","ITEM-00356","aws","Security","IL5","false"
"IAM User Group 89","IAM User","ITEM-00357","azure","Security","IL3","false"
"IAM User Group 89","IAM User","ITEM-00358","gcp","Security","IL4","false"
"IAM User Group 89","IAM User","ITEM-00359","oracle","Security","IL2","false"
"IAM User Group 90","IAM User","ITEM-00360","aws","Security","IL3","false"
"IAM User Group 90","IAM User","ITEM-00361","azure","Security","IL3","false"
"IAM User Group 90","IAM User","ITEM-00362","gcp","Security","IL5","false"
"IAM User Group 90","IAM User","ITEM-00363","oracle","Security","IL2","false"
"ML Endpoint Group 91","ML Endpoint","ITEM-00364","aws","AI and Machine Learning","IL2","false"
"ML Endpoint Group 91","ML Endpoint","ITEM-00365","azure","AI and Machine Learning","IL3","false"
"ML Endpoint Group 91","ML Endpoint","ITEM-00366","gcp","AI and Machine Learning","IL3","false"
"ML Endpoint Group 91","ML Endpoint","ITEM-00367","oracle","AI and Machine Learning","IL3","false"
"WAF Policy Group 92","WAF Policy","ITEM-00368","aws","Security","IL5","false"
"WAF Policy Group 92","WAF Policy","ITEM-00369","azure","Security","IL2","false"
"WAF Policy Group 92","WAF Policy","ITEM-00370","gcp","Security","IL4","false"
"WAF Policy Group 92","WAF Policy","ITEM-00371","oracle","Security","IL2","false"
"ML Endpoint Group 93","ML Endpoint","ITEM-00372","aws","AI and Machine Learning","IL4","false"
"ML Endpoint Group 93","ML Endpoint","ITEM-00373","azure","AI and Machine Learning","IL4","false"
"ML Endpoint Group 93","ML Endpoint","ITEM-00374","gcp","AI and Machine Learning","IL3","false"
"ML Endpoint Group 93","ML Endpoint","ITEM-00375","oracle","AI and Machine Learning","IL3","false"
"WAF Policy Group 94","WAF Policy","ITEM-00376","aws","Security","IL4","false"
"WAF Policy Group 94","WAF Policy","ITEM-00377","azure","Security","IL2","false"
"WAF Policy Group 94","WAF Policy","ITEM-00378","gcp","Security","IL4","false"
"WAF Policy Group 94","WAF Policy","ITEM-00379","oracle","Security","IL3","false"
"IAM User Group 95","IAM User","ITEM-00380","aws","Security","IL3","false"
"IAM User Group 95","IAM User","ITEM-00381","azure","Security","IL5","false"
"IAM User Group 95","IAM User","ITEM-00382","gcp","Security","IL3","false"
"IAM User Group 95","IAM User","ITEM-00383","oracle","Security","IL3","false"
"ML Endpoint Group 96","ML Endpoint","ITEM-00384","aws","AI and Machine Learning","IL4","false"
"ML Endpoint Group 96","ML Endpoint","ITEM-00385","azure","AI and Machine Learning","IL3","false"
"ML Endpoint Group 96","ML Endpoint","ITEM-00386","gcp","AI and Machine Learning","IL2","false"
"ML Endpoint Group 96","ML Endpoint","ITEM-00387","oracle","AI and Machine Learning","IL2","false"
"ML Endpoint Group 97","ML Endpoint","ITEM-00388","aws","AI and Machine Learning","IL3","false"
"ML Endpoint Group 97","ML Endpoint","ITEM-00389","azure","AI and Machine Learning","IL5","false"
"ML Endpoint Group 97","ML Endpoint","ITEM-00390","gcp","AI and Machine Learning","IL5","false"
"ML Endpoint Group 97","ML Endpoint","ITEM-00391","oracle","AI and Machine Learning","IL5","false"
"KMS Key Group 98","KMS Key","ITEM-00392","aws","Security","IL2","false"
"KMS Key Group 98","KMS Key","ITEM-00393","azure","Security","IL3","false"
"KMS Key Group 98","KMS Key","ITEM-00394","gcp","Security","IL4","false"
"KMS Key Group 98","KMS Key","ITEM-00395","oracle","Security","IL2","false"
"Object Bucket Group 99","Object Bucket","ITEM-00396","aws","Storage","IL2","false"
"Object Bucket Group 99","Object Bucket","ITEM-00397","azure","Storage","IL5","false"
"Object Bucket Group 99","Object Bucket","ITEM-00398","gcp","Storage","IL4","false"
"Object Bucket Group 99","Object Bucket","ITEM-00399","oracle","Storage","IL3","false"
"Object Bucket Group 100","Object Bucket","ITEM-00400","aws","Storage","IL4","false"
"Object Bucket Group 100","Object Bucket","ITEM-00401","azure","Storage","IL5","false"
"Object Bucket Group 100","Object Bucket","ITEM-00402","gcp","Storage","IL4","false"
"Object Bucket Group 100","Object Bucket","ITEM-00403","oracle","Storage","IL2","false"
"IAM User Group 101","IAM User","ITEM-00404","aws","Security","IL3","false"
"IAM User Group 101","IAM User","ITEM-00405","azure","Security","IL3","false"
"IAM User Group 101","IAM User","ITEM-00406","gcp","Security","IL4","false"
"IAM User Group 101","IAM User","ITEM-00407","oracle","Security","IL2","false"
"Transcription API Group 102","Transcription API","ITEM-00408","aws","AI and Machine Learning","IL4","false"
"Transcription API Group 102","Transcription API","ITEM-00409","azure","AI and Machine Learning","IL3","false"
"Transcription API Group 102","Transcription API","ITEM-00410","gcp","AI and Machine Learning","IL2","false"
"Transcription API Group 102","Transcription API","ITEM-00411","oracle","AI and Machine Learning","IL2","false"
"Virtual Machine Group 103","Virtual Machine","ITEM-00412","aws","Compute","IL4","false"
"Virtual Machine Group 103","Virtual Machine","ITEM-00413","azure","Compute","IL5","false"
"Virtual Machine Group 103","Virtual Machine","ITEM-00414","gcp","Compute","IL4","false"
"Virtual Machine Group 103","Virtual Machine","ITEM-00415","oracle","Compute","IL2","false"
"WAF Policy Group 104","WAF Policy","ITEM-00416","aws","Security","IL5","false"
"WAF Policy Group 104","WAF Policy","ITEM-00417","azure","Security","IL3","false"
"WAF Policy Group 104","WAF Policy","ITEM-00418","gcp","Security","IL4","false"
"WAF Policy Group 104","WAF Policy","ITEM-00419","oracle","Security","IL3","false"
"CDN Distribution Group 105","CDN Distribution","ITEM-00420","aws","Networking","IL3","false"
"CDN Distribution Group 105","CDN Distribution","ITEM-00421","azure","Networking","IL5","false"
"CDN Distribution Group 105","CDN Distribution","ITEM-00422","gcp","Networking","IL3","false"
"CDN Distribution Group 105","CDN Distribution","ITEM-00423","oracle","Networking","IL5","false"
"Object Bucket Group 106","Object Bucket","ITEM-00424","aws","Storage","IL5","false"
"Object Bucket Group 106","Object Bucket","ITEM-00425","azure","Storage","IL3","false"
"Object Bucket Group 106","Object Bucket","ITEM-00426","gcp","Storage","IL2","false"
"Object Bucket Group 106","Object Bucket","ITEM-00427","oracle","Storage","IL4","false"
"Object Bucket Group 107","Object Bucket","ITEM-00428","aws","Storage","IL5","false"
"Object Bucket Group 107","Object Bucket","ITEM-00429","azure","Storage","IL4","false"
"Object Bucket Group 107","Object Bucket","ITEM-00430","gcp","Storage","IL5","false"
"Object Bucket Group 107","Object Bucket","ITEM-00431","oracle","Storage","IL3","false"
"Analysis Service Group 108","Analysis Service","ITEM-00432","aws","AI and Machine Learning","IL5","false"
"Analysis Service Group 108","Analysis Service","ITEM-00433","azure","AI and Machine Learning","IL5","false"
"Analysis Service Group 108","Analysis Service","ITEM-00434","gcp","AI and Machine Learning","IL2","false"
"Analysis Service Group 108","Analysis Service","ITEM-00435","oracle","AI and Machine Learning","IL4","false"
"VPC Network Group 109","VPC Network","ITEM-00436","aws","Networking","IL5","false"
"VPC Network Group 109","VPC Network","ITEM-00437","azure","Networking","IL3","false"
"VPC Network Group 109","VPC Network","ITEM-00438","gcp","Networking","IL4","false"
"VPC Network Group 109","VPC Network","ITEM-00439","oracle","Networking","IL3","false"
"KMS Key Group 110","KMS Key","ITEM-00440","aws","Security","IL2","false"
"KMS Key Group 110","KMS Key","ITEM-00441","azure","Security","IL3","false"
"KMS Key Group 110","KMS Key","ITEM-00442","gcp","Security","IL5","false"
"KMS Key Group 110","KMS Key","ITEM-00443","oracle","Security","IL4","false"
"Object Bucket Group 111","Object Bucket","ITEM-00444","aws","Storage","IL4","false"
"Object Bucket Group 111","Object Bucket","ITEM-00445","azure","Storage","IL4","false"
"Object Bucket Group 111","Object Bucket","ITEM-00446","gcp","Storage","IL3","false"
"Object Bucket Group 111","Object Bucket","ITEM-00447","oracle","Storage","IL3","false"
"CDN Distribution Group 112","CDN Distribution","ITEM-00448","aws","Networking","IL2","false"
"CDN Distribution Group 112","CDN Distribution","ITEM-00449","azure","Networking","IL2","false"
"CDN Distribution Group 112","CDN Distribution","ITEM-00450","gcp","Networking","IL3","false"
"CDN Distribution Group 112","CDN Distribution","ITEM-00451","oracle","Networking","IL4","false"
"VPC Network Group 113","VPC Network","ITEM-00452","aws","Networking","IL5","false"
"VPC Network Group 113","VPC Network","ITEM-00453","azure","Networking","IL2","false"
"VPC Network Group 113","VPC Network","ITEM-00454","gcp","Networking","IL2","false"
"VPC Network Group 113","VPC Network","ITEM-00455","oracle","Networking","IL4","false"
"ML Endpoint Group 114","ML Endpoint","ITEM-00456","aws","AI and Machine Learning","IL5","false"
"ML Endpoint Group 114","ML Endpoint","ITEM-00457","azure","AI and Machine Learning","IL5","false"
"ML Endpoint Group 114","ML Endpoint","ITEM-00458","gcp","AI and Machine Learning","IL4","false"
"ML Endpoint Group 114","ML Endpoint","ITEM-00459","oracle","AI and Machine Learning","IL2","false"
"IAM User Group 115","IAM User","ITEM-00460","aws","Security","IL3","false"
"IAM User Group 115","IAM User","ITEM-00461","azure","Security","IL3","false"
"IAM User Group 115","IAM User","ITEM-00462","gcp","Security","IL4","false"
"IAM User Group 115","IAM User","ITEM-00463","oracle","Security","IL4","false"
"Load Balancer Group 116","Load Balancer","ITEM-00464","aws","Networking","IL3","false"
"Load Balancer Group 116","Load Balancer","ITEM-00465","azure","Networking","IL5","false"
"Load Balancer Group 116","Load Balancer","ITEM-00466","gcp","Networking","IL4","false"
"Load Balancer Group 116","Load Balancer","ITEM-00467","oracle","Networking","IL5","false"
"Managed SQL Group 117","Managed SQL","ITEM-00468","aws","Database","IL3","false"
"Managed SQL Group 117","Managed SQL","ITEM-00469","azure","Database","IL5","false"
"Managed SQL Group 117","Managed SQL","ITEM-00470","gcp","Database","IL5","false"
"Managed SQL Group 117","Managed SQL","ITEM-00471","oracle","Database","IL3","false"
"Transcription API Group 118","Transcription API","ITEM-00472","aws","AI and Machine Learning","IL3","false"
"Transcription API Group 118","Transcription API","ITEM-00473","azure","AI and Machine Learning","IL2","false"
"Transcription API Group 118","Transcription API","ITEM-00474","gcp","AI and Machine Learning","IL4","false"
"Transcription API Group 118","Transcription API","ITEM-00475","oracle","AI and Machine Learning","IL2","false"
"VPC Network Group 119","VPC Network","ITEM-00476","aws","Networking","IL2","false"
"VPC Network Group 119","VPC Network","ITEM-00477","azure","Networking","IL4","false"
"VPC Network Group 119","VPC Network","ITEM-00478","gcp","Networking","IL3","false"
"VPC Network Group 119","VPC Network","ITEM-00479","oracle","Networking","IL4","false"
"Analysis Service Group 120","Analysis Service","ITEM-00480","aws","AI and Machine Learning","IL3","false"
"Analysis Service Group 120","Analysis Service","ITEM-00481","azure","AI and Machine Learning","IL3","false"
"Analysis Service Group 120","Analysis Service","ITEM-00482","gcp","AI and Machine Learning","IL3","false"
"Analysis Service Group 120","Analysis Service","ITEM-00483","oracle","AI and Machine Learning","IL3","false"
"Transcription API Group 121","Transcription API","ITEM-00484","aws","AI and Machine Learning","IL2","false"
"Transcription API Group 121","Transcription API","ITEM-00485","azure","AI and Machine Learning","IL5","false"
"Transcription API Group 121","Transcription API","ITEM-00486","gcp","AI and Machine Learning","IL4","false"
"Transcription API Group 121","Transcription API","ITEM-00487","oracle","AI and Machine Learning","IL2","false"
"Object Bucket Group 122","Object Bucket","ITEM-00488","aws","Storage","IL5","false"
"Object Bucket Group 122","Object Bucket","ITEM-00489","azure","Storage","IL4","false"
"Object Bucket Group 122","Object Bucket","ITEM-00490","gcp","Storage","IL5","false"
"Object Bucket Group 122","Object Bucket","ITEM-00491","oracle","Storage","IL3","false"
"VPC Network Group 123","VPC Network","ITEM-00492","aws","Networking","IL3","false"
"VPC Network Group 123","VPC Network","ITEM-00493","azure","Networking","IL4","false"
"VPC Network Group 123","VPC Network","ITEM-00494","gcp","Networking","IL4","false"
"VPC Network Group 123","VPC Network","ITEM-00495","oracle","Networking","IL5","false"
"WAF Policy Group 124","WAF Policy","ITEM-00496","aws","Security","IL4","false"
"WAF Policy Group 124","WAF Policy","ITEM-00497","azure","Security","IL4","false"
"WAF Policy Group 124","WAF Policy","ITEM-00498","gcp","Security","IL3","false"
"WAF Policy Group 124","WAF Policy","ITEM-00499","oracle","Security","IL5","false"
"Managed SQL Group 125","Managed SQL","ITEM-00500","aws","Database","IL5","false"
"Managed SQL Group 125","Managed SQL","ITEM-00501","azure","Database","IL4","false"
"Managed SQL Group 125","Managed SQL","ITEM-00502","gcp","Database","IL3","false"
"Managed SQL Group 125","Managed SQL","ITEM-00503","oracle","Database","IL2","false"
"CDN Distribution Group 126","CDN Distribution","ITEM-00504","aws","Networking","IL2","false"
"CDN Distribution Group 126","CDN Distribution","ITEM-00505","azure","Networking","IL5","false"
"CDN Distribution Group 126","CDN Distribution","ITEM-00506","gcp","Networking","IL2","false"
"CDN Distribution Group 126","CDN Distribution","ITEM-00507","oracle","Networking","IL4","false"
"VPC Network Group 127","VPC Network","ITEM-00508","aws","Networking","IL5","false"
"VPC Network Group 127","VPC Network","ITEM-00509","azure","Networking","IL4","false"
"VPC Network Group 127","VPC Network","ITEM-00510","gcp","Networking","IL4","false"
"VPC Network Group 127","VPC Network","ITEM-00511","oracle","Networking","IL2","false"
"Transcription API Group 128","Transcription API","ITEM-00512","aws","AI and Machine Learning","IL3","false"
"Transcription API Group 128","Transcription API","ITEM-00513","azure","AI and Machine Learning","IL4","false"
"Transcription API Group 128","Transcription API","ITEM-00514","gcp","AI and Machine Learning","IL5","false"
"Transcription API Group 128","Transcription API","ITEM-00515","oracle","AI and Machine Learning","IL4","false"
"Load Balancer Group 129","Load Balancer","ITEM-00516","aws","Networking","IL5","false"
"Load Balancer Group 129","Load Balancer","ITEM-00517","azure","Networking","IL3","false"
"Load Balancer Group 129","Load Balancer","ITEM-00518","gcp","Networking","IL2","false"
"Load Balancer Group 129","Load Balancer","ITEM-00519","oracle","Networking","IL4","false"
"KMS Key Group 130","KMS Key","ITEM-00520","aws","Security","IL2","false"
"KMS Key Group 130","KMS Key","ITEM-00521","azure","Security","IL5","false"
"KMS Key Group 130","KMS Key","ITEM-00522","gcp","Security","IL5","false"
"KMS Key Group 130","KMS Key","ITEM-00523","oracle","Security","IL4","false"
"Load Balancer Group 131","Load Balancer","ITEM-00524","aws","Networking","IL2","false"
"Load Balancer Group 131","Load Balancer","ITEM-00525","azure","Networking","IL3","false"
"Load Balancer Group 131","Load Balancer","ITEM-00526","gcp","Networking","IL3","false"
"Load Balancer Group 131","Load Balancer","ITEM-00527","oracle","Networking","IL5","false"
"WAF Policy Group 132","WAF Policy","ITEM-00528","aws","Security","IL4","false"
"WAF Policy Group 132","WAF Policy","ITEM-00529","azure","Security","IL5","false"
"WAF Policy Group 132","WAF Policy","ITEM-00530","gcp","Security","IL4","false"
"WAF Policy Group 132","WAF Policy","ITEM-00531","oracle","Security","IL5","false"
"Transcription API Group 133","Transcription API","ITEM-00532","aws","AI and Machine Learning","IL5","false"
"Transcription API Group 133","Transcription API","ITEM-00533","azure","AI and Machine Learning","IL3","false"
"Transcription API Group 133","Transcription API","ITEM-00534","gcp","AI and Machine Learning","IL2","false"
"Transcription API Group 133","Transcription API","ITEM-00535","oracle","AI and Machine Learning","IL2","false"
"VPC Network Group 134","VPC Network","ITEM-00536","aws","Networking","IL2","false"
"VPC Network Group 134","VPC Network","ITEM-00537","azure","Networking","IL2","false"
"VPC Network Group 134","VPC Network","ITEM-00538","gcp","Networking","IL2","false"
"VPC Network Group 134","VPC Network","ITEM-00539","oracle","Networking","IL2","false"
"VPC Network Group 135","VPC Network","ITEM-00540","aws","Networking","IL3","false"
"VPC Network Group 135","VPC Network","ITEM-00541","azure","Networking","IL4","false"
"VPC Network Group 135","VPC Network","ITEM-00542","gcp","Networking","IL2","false"
"VPC Network Group 135","VPC Network","ITEM-00543","oracle","Networking","IL5","false"
"Analysis Service Group 136","Analysis Service","ITEM-00544","aws","AI and Machine Learning","IL2","false"
"Analysis Service Group 136","Analysis Service","ITEM-00545","azure","AI and Machine Learning","IL4","false"
"Analysis Service Group 136","Analysis Service","ITEM-00546","gcp","AI and Machine Learning","IL3","false"
"Analysis Service Group 136","Analysis Service","ITEM-00547","oracle","AI and Machine Learning","IL3","false"
"Analysis Service Group 137","Analysis Service","ITEM-00548","aws","AI and Machine Learning","IL2","false"
"Analysis Service Group 137","Analysis Service","ITEM-00549","azure","AI and Machine Learning","IL3","false"
"Analysis Service Group 137","Analysis Service","ITEM-00550","gcp","AI and Machine Learning","IL4","false"
"Analysis Service Group 137","Analysis Service","ITEM-00551","oracle","AI and Machine Learning","IL5","false"
"ML Endpoint Group 138","ML Endpoint","ITEM-00552","aws","AI and Machine Learning","IL2","false"
"ML Endpoint Group 138","ML Endpoint","ITEM-00553","azure","AI and Machine Learning","IL3","false"
"ML Endpoint Group 138","ML Endpoint","ITEM-00554","gcp","AI and Machine Learning","IL3","false"
"ML Endpoint Group 138","ML Endpoint","ITEM-00555","oracle","AI and Machine Learning","IL2","false"
"Object Bucket Group 139","Object Bucket","ITEM-00556","aws","Storage","IL3","false"
"Object Bucket Group 139","Object Bucket","ITEM-00557","azure","Storage","IL2","false"
"Object Bucket Group 139","Object Bucket","ITEM-00558","gcp","Storage","IL3","false"
"Object Bucket Group 139","Object Bucket","ITEM-00559","oracle","Storage","IL5","false"
"Analysis Service Group 140","Analysis Service","ITEM-00560","aws","AI and Machine Learning","IL4","false"
"Analysis Service Group 140","Analysis Service","ITEM-00561","azure","AI and Machine Learning","IL5","false"
"Analysis Service Group 140","Analysis Service","ITEM-00562","gcp","AI and Machine Learning","IL2","false"
"Analysis Service Group 140","Analysis Service","ITEM-00563","oracle","AI and Machine Learning","IL4","false"
"CDN Distribution Group 141","CDN Distribution","ITEM-00564","aws","Networking","IL2","false"
"CDN Distribution Group 141","CDN Distribution","ITEM-00565","azure","Networking","IL4","false"
"CDN Distribution Group 141","CDN Distribution","ITEM-00566","gcp","Networking","IL5","false"
"CDN Distribution Group 141","CDN Distribution","ITEM-00567","oracle","Networking","IL3","false"
"VPC Network Group 142","VPC Network","ITEM-00568","aws","Networking","IL5","false"
"VPC Network Group 142","VPC Network","ITEM-00569","azure","Networking","IL2","false"
"VPC Network Group 142","VPC Network","ITEM-00570","gcp","Networking","IL5","false"
"VPC Network Group 142","VPC Network","ITEM-00571","oracle","Networking","IL5","false"
"WAF Policy Group 143","WAF Policy","ITEM-00572","aws","Security","IL4","false"
"WAF Policy Group 143","WAF Policy","ITEM-00573","azure","Security","IL4","false"
"WAF Policy Group 143","WAF Policy","ITEM-00574","gcp","Security","IL4","false"
"WAF Policy Group 143","WAF Policy","ITEM-00575","oracle","Security","IL3","false"
"KMS Key Group 144","KMS Key","ITEM-00576","aws","Security","IL4","false"
"KMS Key Group 144","KMS Key","ITEM-00577","azure","Security","IL2","false"
"KMS Key Group 144","KMS Key","ITEM-00578","gcp","Security","IL5","false"
"KMS Key Group 144","KMS Key","ITEM-00579","oracle","Security","IL5","false"
"ML Endpoint Group 145","ML Endpoint","ITEM-00580","aws","AI and Machine Learning","IL5","false"
"ML Endpoint Group 145","ML Endpoint","ITEM-00581","azure","AI and Machine Learning","IL3","false"
"ML Endpoint Group 145","ML Endpoint","ITEM-00582","gcp","AI and Machine Learning","IL3","false"
"ML Endpoint Group 145","ML Endpoint","ITEM-00583","oracle","AI and Machine Learning","IL5","false"
"ML Endpoint Group 146","ML Endpoint","ITEM-00584","aws","AI and Machine Learning","IL2","false"
"ML Endpoint Group 146","ML Endpoint","ITEM-00585","azure","AI and Machine Learning","IL4","false"
"ML Endpoint Group 146","ML Endpoint","ITEM-00586","gcp","AI and Machine Learning","IL5","false"
"ML Endpoint Group 146","ML Endpoint","ITEM-00587","oracle","AI and Machine Learning","IL5","false"
"Analysis Service Group 147","Analysis Service","ITEM-00588","aws","AI and Machine Learning","IL2","false"
"Analysis Service Group 147","Analysis Service","ITEM-00589","azure","AI and Machine Learning","IL2","false"
"Analysis Service Group 147","Analysis Service","ITEM-00590","gcp","AI and Machine Learning","IL2","false"
"Analysis Service Group 147","Analysis Service","ITEM-00591","oracle","AI and Machine Learning","IL5","false"
"Analysis Service Group 148","Analysis Service","ITEM-00592","aws","AI and Machine Learning","IL4","false"
"Analysis Service Group 148","Analysis Service","ITEM-00593","azure","AI and Machine Learning","IL2","false"
"Analysis Service Group 148","Analysis Service","ITEM-00594","gcp","AI and Machine Learning","IL2","false"
"Analysis Service Group 148","Analysis Service","ITEM-00595","oracle","AI and Machine Learning","IL2","false"
"Virtual Machine Group 149","Virtual Machine","ITEM-00596","aws","Compute","IL2","false"
"Virtual Machine Group 149","Virtual Machine","ITEM-00597","azure","Compute","IL4","false"
"Virtual Machine Group 149","Virtual Machine","ITEM-00598","gcp","Compute","IL3","false"
"Virtual Machine Group 149","Virtual Machine","ITEM-00599","oracle","Compute","IL3","false"
"Object Bucket Group 150","Object Bucket","ITEM-00600","aws","Storage","IL4","false"
"Object Bucket Group 150","Object Bucket","ITEM-00601","azure","Storage","IL5","false"
"Object Bucket Group 150","Object Bucket","ITEM-00602","gcp","Storage","IL5","false"
"Object Bucket Group 150","Object Bucket","ITEM-00603","oracle","Storage","IL3","false"
"Object Bucket Group 151","Object Bucket","ITEM-00604","aws","Storage","IL4","false"
"Object Bucket Group 151","Object Bucket","ITEM-00605","azure","Storage","IL3","false"
"Object Bucket Group 151","Object Bucket","ITEM-00606","gcp","Storage","IL3","false"
"Object Bucket Group 151","Object Bucket","ITEM-00607","oracle","Storage","IL4","false"
"VPC Network Group 152","VPC Network","ITEM-00608","aws","Networking","IL2","false"
"VPC Network Group 152","VPC Network","ITEM-00609","azure","Networking","IL4","false"
"VPC Network Group 152","VPC Network","ITEM-00610","gcp","Networking","IL5","false"
"VPC Network Group 152","VPC Network","ITEM-00611","oracle","Networking","IL5","false"
"Object Bucket Group 153","Object Bucket","ITEM-00612","aws","Storage","IL3","false"
"Object Bucket Group 153","Object Bucket","ITEM-00613","azure","Storage","IL5","false"
"Object Bucket Group 153","Object Bucket","ITEM-00614","gcp","Storage","IL3","false"
"Object Bucket Group 153","Object Bucket","ITEM-00615","oracle","Storage","IL5","false"
"Object Bucket Group 154","Object Bucket","ITEM-00616","aws","Storage","IL2","false"
"Object Bucket Group 154","Object Bucket","ITEM-00617","azure","Storage","IL4","false"
"Object Bucket Group 154","Object Bucket","ITEM-00618","gcp","Storage","IL2","false"
"Object Bucket Group 154","Object Bucket","ITEM-00619","oracle","Storage","IL2","false"
"WAF Policy Group 155","WAF Policy","ITEM-00620","aws","Security","IL2","false"
"WAF Policy Group 155","WAF Policy","ITEM-00621","azure","Security","IL3","false"
"WAF Policy Group 155","WAF Policy","ITEM-00622","gcp","Security","IL5","false"
"WAF Policy Group 155","WAF Policy","ITEM-00623","oracle","Security","IL3","false"
"WAF Policy Group 156","WAF Policy","ITEM-00624","aws","Security","IL5","false"
"WAF Policy Group 156","WAF Policy","ITEM-00625","azure","Security","IL4","false"
"WAF Policy Group 156","WAF Policy","ITEM-00626","gcp","Security","IL2","false"
"WAF Policy Group 156","WAF Policy","ITEM-00627","oracle","Security","IL3","false"
"Virtual Machine Group 157","Virtual Machine","ITEM-00628","aws","Compute","IL5","false"
"Virtual Machine Group 157","Virtual Machine","ITEM-00629","azure","Compute","IL3","false"
"Virtual Machine Group 157","Virtual Machine","ITEM-00630","gcp","Compute","IL3","false"
"Virtual Machine Group 157","Virtual Machine","ITEM-00631","oracle","Compute","IL3","false"
"Object Bucket Group 158","Object Bucket","ITEM-00632","aws","Storage","IL5","false"
"Object Bucket Group 158","Object Bucket","ITEM-00633","azure","Storage","IL3","false"
"Object Bucket Group 158","Object Bucket","ITEM-00634","gcp","Storage","IL4","false"
"Object Bucket Group 158","Object Bucket","ITEM-00635","oracle","Storage","IL5","false"
"WAF Policy Group 159","WAF Policy","ITEM-00636","aws","Security","IL5","false"
"WAF Policy Group 159","WAF Policy","ITEM-00637","azure","Security","IL3","false"
"WAF Policy Group 159","WAF Policy","ITEM-00638","gcp","Security","IL3","false"
"WAF Policy Group 159","WAF Policy","ITEM-00639","oracle","Security","IL5","false"
"VPC Network Group 160","VPC Network","ITEM-00640","aws","Networking","IL2","false"
"VPC Network Group 160","VPC Network","ITEM-00641","azure","Networking","IL3","false"
"VPC Network Group 160","VPC Network","ITEM-00642","gcp","Networking","IL2","false"
"VPC Network Group 160","VPC Network","ITEM-00643","oracle","Networking","IL3","false"
"Load Balancer Group 161","Load Balancer","ITEM-00644","aws","Networking","IL2","false"
"Load Balancer Group 161","Load Balancer","ITEM-00645","azure","Networking","IL5","false"
"Load Balancer Group 161","Load Balancer","ITEM-00646","gcp","Networking","IL4","false"
"Load Balancer Group 161","Load Balancer","ITEM-00647","oracle","Networking","IL5","false"
"Transcription API Group 162","Transcription API","ITEM-00648","aws","AI and Machine Learning","IL3","false"
"Transcription API Group 162","Transcription API","ITEM-00649","azure","AI and Machine Learning","IL2","false"
"Transcription API Group 162","Transcription API","ITEM-00650","gcp","AI and Machine Learning","IL4","false"
"Transcription API Group 162","Transcription API","ITEM-00651","oracle","AI and Machine Learning","IL2","false"
"IAM User Group 163","IAM User","ITEM-00652","aws","Security","IL5","false"
"IAM User Group 163","IAM User","ITEM-00653","azure","Security","IL2","false"
"IAM User Group 163","IAM User","ITEM-00654","gcp","Security","IL2","false"
"IAM User Group 163","IAM User","ITEM-00655","oracle","Security","IL2","false"
"ML Endpoint Group 164","ML Endpoint","ITEM-00656","aws","AI and Machine Learning","IL3","false"
"ML Endpoint Group 164","ML Endpoint","ITEM-00657","azure","AI and Machine Learning","IL3","false"
"ML Endpoint Group 164","ML Endpoint","ITEM-00658","gcp","AI and Machine Learning","IL2","false"
"ML Endpoint Group 164","ML Endpoint","ITEM-00659","oracle","AI and Machine Learning","IL3","false"
"CDN Distribution Group 165","CDN Distribution","ITEM-00660","aws","Networking","IL2","false"
"CDN Distribution Group 165","CDN Distribution","ITEM-00661","azure","Networking","IL3","false"
"CDN Distribution Group 165","CDN Distribution","ITEM-00662","gcp","Networking","IL4","false"
"CDN Distribution Group 165","CDN Distribution","ITEM-00663","oracle","Networking","IL2","false"
"VPC Network Group 166","VPC Network","ITEM-00664","aws","Networking","IL3","false"
"VPC Network Group 166","VPC Network","ITEM-00665","azure","Networking","IL2","false"
"VPC Network Group 166","VPC Network","ITEM-00666","gcp","Networking","IL3","false"
"VPC Network Group 166","VPC Network","ITEM-00667","oracle","Networking","IL4","false"
"Managed SQL Group 167","Managed SQL","ITEM-00668","aws","Database","IL4","false"
"Managed SQL Group 167","Managed SQL","ITEM-00669","azure","Database","IL3","false"
"Managed SQL Group 167","Managed SQL","ITEM-00670","gcp","Database","IL2","false"
"Managed SQL Group 167","Managed SQL","ITEM-00671","oracle","Database","IL3","false"
"Transcription API Group 168","Transcription API","ITEM-00672","aws","AI and Machine Learning","IL4","false"
"Transcription API Group 168","Transcription API","ITEM-00673","azure","AI and Machine Learning","IL5","false"
"Transcription API Group 168","Transcription API","ITEM-00674","gcp","AI and Machine Learning","IL5","false"
"Transcription API Group 168","Transcription API","ITEM-00675","oracle","AI and Machine Learning","IL5","false"
"Virtual Machine Group 169","Virtual Machine","ITEM-00676","aws","Compute","IL3","false"
"Virtual Machine Group 169","Virtual Machine","ITEM-00677","azure","Compute","IL5","false"
"Virtual Machine Group 169","Virtual Machine","ITEM-00678","gcp","Compute","IL5","false"
"Virtual Machine Group 169","Virtual Machine","ITEM-00679","oracle","Compute","IL4","false"
"CDN Distribution Group 170","CDN Distribution","ITEM-00680","aws","Networking","IL3","false"
"CDN Distribution Group 170","CDN Distribution","ITEM-00681","azure","Networking","IL4","false"
"CDN Distribution Group 170","CDN Distribution","ITEM-00682","gcp","Networking","IL4","false"
"CDN Distribution Group 170","CDN Distribution","ITEM-00683","oracle","Networking","IL5","false"
"Load Balancer Group 171","Load Balancer","ITEM-00684","aws","Networking","IL3","false"
"Load Balancer Group 171","Load Balancer","ITEM-00685","azure","Networking","IL2","false"
"Load Balancer Group 171","Load Balancer","ITEM-00686","gcp","Networking","IL3","false"
"Load Balancer Group 171","Load Balancer","ITEM-00687","oracle","Networking","IL3","false"
"Object Bucket Group 172","Object Bucket","ITEM-00688","aws","Storage","IL5","false"
"Object Bucket Group 172","Object Bucket","ITEM-00689","azure","Storage","IL5","false"
"Object Bucket Group 172","Object Bucket","ITEM-00690","gcp","Storage","IL2","false"
"Object Bucket Group 172","Object Bucket","ITEM-00691","oracle","Storage","IL5","false"
"KMS Key Group 173","KMS Key","ITEM-00692","aws","Security","IL4","false"
"KMS Key Group 173","KMS Key","ITEM-00693","azure","Security","IL4","false"
"KMS Key Group 173","KMS Key","ITEM-00694","gcp","Security","IL3","false"
"KMS Key Group 173","KMS Key","ITEM-00695","oracle","Security","IL2","false"
"CDN Distribution Group 174","CDN Distribution","ITEM-00696","aws","Networking","IL5","false"
"CDN Distribution Group 174","CDN Distribution","ITEM-00697","azure","Networking","IL4","false"
"CDN Distribution Group 174","CDN Distribution","ITEM-00698","gcp","Networking","IL5","false"
"CDN Distribution Group 174","CDN Distribution","ITEM-00699","oracle","Networking","IL3","false"
"VPC Network Group 175","VPC Network","ITEM-00700","aws","Networking","IL2","false"
"VPC Network Group 175","VPC Network","ITEM-00701","azure","Networking","IL4","false"
"VPC Network Group 175","VPC Network","ITEM-00702","gcp","Networking","IL5","false"
"VPC Network Group 175","VPC Network","ITEM-00703","oracle","Networking","IL5","false"
"ML Endpoint Group 176","ML Endpoint","ITEM-00704","aws","AI and Machine Learning","IL4","false"
"ML Endpoint Group 176","ML Endpoint","ITEM-00705","azure","AI and Machine Learning","IL3","false"
"ML Endpoint Group 176","ML Endpoint","ITEM-00706","gcp","AI and Machine Learning","IL4","false"
"ML Endpoint Group 176","ML Endpoint","ITEM-00707","oracle","AI and Machine Learning","IL4","false"
"Managed SQL Group 177","Managed SQL","ITEM-00708","aws","Database","IL2","false"
"Managed SQL Group 177","Managed SQL","ITEM-00709","azure","Database","IL3","false"
"Managed SQL Group 177","Managed SQL","ITEM-00710","gcp","Database","IL3","false"
"Managed SQL Group 177","Managed SQL","ITEM-00711","oracle","Database","IL5","false"
"Object Bucket Group 178","Object Bucket","ITEM-00712","aws","Storage","IL5","false"
"Object Bucket Group 178","Object Bucket","ITEM-00713","azure","Storage","IL3","false"
"Object Bucket Group 178","Object Bucket","ITEM-00714","gcp","Storage","IL4","false"
"Object Bucket Group 178","Object Bucket","ITEM-00715","oracle","Storage","IL4","false"
"Load Balancer Group 179","Load Balancer","ITEM-00716","aws","Networking","IL4","false"
"Load Balancer Group 179","Load Balancer","ITEM-00717","azure","Networking","IL2","false"
"Load Balancer Group 179","Load Balancer","ITEM-00718","gcp","Networking","IL5","false"
"Load Balancer Group 179","Load Balancer","ITEM-00719","oracle","Networking","IL3","false"
"Object Bucket Group 180","Object Bucket","ITEM-00720","aws","Storage","IL4","false"
"Object Bucket Group 180","Object Bucket","ITEM-00721","azure","Storage","IL5","false"
"Object Bucket Group 180","Object Bucket","ITEM-00722","gcp","Storage","IL5","false"
"Object Bucket Group 180","Object Bucket","ITEM-00723","oracle","Storage","IL5","false"
"ML Endpoint Group 181","ML Endpoint","ITEM-00724","aws","AI and Machine Learning","IL5","false"
"ML Endpoint Group 181","ML Endpoint","ITEM-00725","azure","AI and Machine Learning","IL4","false"
"ML Endpoint Group 181","ML Endpoint","ITEM-00726","gcp","AI and Machine Learning","IL2","false"
"ML Endpoint Group 181","ML Endpoint","ITEM-00727","oracle","AI and Machine Learning","IL2","false"
"WAF Policy Group 182","WAF Policy","ITEM-00728","aws","Security","IL5","false"
"WAF Policy Group 182","WAF Policy","ITEM-00729","azure","Security","IL3","false"
"WAF Policy Group 182","WAF Policy","ITEM-00730","gcp","Security","IL5","false"
"WAF Policy Group 182","WAF Policy","ITEM-00731","oracle","Security","IL2","false"
"Load Balancer Group 183","Load Balancer","ITEM-00732","aws","Networking","IL3","false"
"Load Balancer Group 183","Load Balancer","ITEM-00733","azure","Networking","IL2","false"
"Load Balancer Group 183","Load Balancer","ITEM-00734","gcp","Networking","IL4","false"
"Load Balancer Group 183","Load Balancer","ITEM-00735","oracle","Networking","IL5","false"
"Managed SQL Group 184","Managed SQL","ITEM-00736","aws","Database","IL2","false"
"Managed SQL Group 184","Managed SQL","ITEM-00737","azure","Database","IL5","false"
"Managed SQL Group 184","Managed SQL","ITEM-00738","gcp","Database","IL5","false"
"Managed SQL Group 184","Managed SQL","ITEM-00739","oracle","Database","IL3","false"
"ML Endpoint Group 185","ML Endpoint","ITEM-00740","aws","AI and Machine Learning","IL5","false"
"ML Endpoint Group 185","ML Endpoint","ITEM-00741","azure","AI and Machine Learning","IL3","false"
"ML Endpoint Group 185","ML Endpoint","ITEM-00742","gcp","AI and Machine Learning","IL5","false"
"ML Endpoint Group 185","ML Endpoint","ITEM-00743","oracle","AI and Machine Learning","IL3","false"
"Virtual Machine Group 186","Virtual Machine","ITEM-00744","aws","Compute","IL3","false"
"Virtual Machine Group 186","Virtual Machine","ITEM-00745","azure","Compute","IL2","false"
"Virtual Machine Group 186","Virtual Machine","ITEM-00746","gcp","Compute","IL4","false"
"Virtual Machine Group 186","Virtual Machine","ITEM-00747","oracle","Compute","IL3","false"
"CDN Distribution Group 187","CDN Distribution","ITEM-00748","aws","Networking","IL5","false"
"CDN Distribution Group 187","CDN Distribution","ITEM-00749","azure","Networking","IL5","false"
"CDN Distribution Group 187","CDN Distribution","ITEM-00750","gcp","Networking","IL3","false"
"CDN Distribution Group 187","CDN Distribution","ITEM-00751","oracle","Networking","IL4","false"
"Virtual Machine Group 188","Virtual Machine","ITEM-00752","aws","Compute","IL2","false"
"Virtual Machine Group 188","Virtual Machine","ITEM-00753","azure","Compute","IL4","false"
"Virtual Machine Group 188","Virtual Machine","ITEM-00754","gcp","Compute","IL2","false"
"Virtual Machine Group 188","Virtual Machine","ITEM-00755","oracle","Compute","IL4","false"
"Object Bucket Group 189","Object Bucket","ITEM-00756","aws","Storage","IL4","false"
"Object Bucket Group 189","Object Bucket","ITEM-00757","azure","Storage","IL5","false"
"Object Bucket Group 189","Object Bucket","ITEM-00758","gcp","Storage","IL2","false"
"Object Bucket Group 189","Object Bucket","ITEM-00759","oracle","Storage","IL4","false"
"WAF Policy Group 190","WAF Policy","ITEM-00760","aws","Security","IL4","false"
"WAF Policy Group 190","WAF Policy","ITEM-00761","azure","Security","IL3","false"
"WAF Policy Group 190","WAF Policy","ITEM-00762","gcp","Security","IL5","false"
"WAF Policy Group 190","WAF Policy","ITEM-00763","oracle","Security","IL5","false"
"Load Balancer Group 191","Load Balancer","ITEM-00764","aws","Networking","IL2","false"
"Load Balancer Group 191","Load Balancer","ITEM-00765","azure","Networking","IL2","false"
"Load Balancer Group 191","Load Balancer","ITEM-00766","gcp","Networking","IL3","false"
"Load Balancer Group 191","Load Balancer","ITEM-00767","oracle","Networking","IL4","false"
"VPC Network Group 192","VPC Network","ITEM-00768","aws","Networking","IL2","false"
"VPC Network Group 192","VPC Network","ITEM-00769","azure","Networking","IL4","false"
"VPC Network Group 192","VPC Network","ITEM-00770","gcp","Networking","IL3","false"
"VPC Network Group 192","VPC Network","ITEM-00771","oracle","Networking","IL4","false"
"Managed SQL Group 193","Managed SQL","ITEM-00772","aws","Database","IL5","false"
"Managed SQL Group 193","Managed SQL","ITEM-00773","azure","Database","IL3","false"
"Managed SQL Group 193","Managed SQL","ITEM-00774","gcp","Database","IL5","false"
"Managed SQL Group 193","Managed SQL","ITEM-00775","oracle","Database","IL3","false"
"VPC Network Group 194","VPC Network","ITEM-00776","aws","Networking","IL2","false"
"VPC Network Group 194","VPC Network","ITEM-00777","azure","Networking","IL2","false"
"VPC Network Group 194","VPC Network","ITEM-00778","gcp","Networking","IL2","false"
"VPC Network Group 194","VPC Network","ITEM-00779","oracle","Networking","IL4","false"
"Analysis Service Group 195","Analysis Service","ITEM-00780","aws","AI and Machine Learning","IL5","false"
"Analysis Service Group 195","Analysis Service","ITEM-00781","azure","AI and Machine Learning","IL2","false"
"Analysis Service Group 195","Analysis Service","ITEM-00782","gcp","AI and Machine Learning","IL3","false"
"Analysis Service Group 195","Analysis Service","ITEM-00783","oracle","AI and Machine Learning","IL2","false"
"IAM User Group 196","IAM User","ITEM-00784","aws","Security","IL5","false"
"IAM User Group 196","IAM User","ITEM-00785","azure","Security","IL5","false"
"IAM User Group 196","IAM User","ITEM-00786","gcp","Security","IL2","false"
"IAM User Group 196","IAM User","ITEM-00787","oracle","Security","IL4","false"
"IAM User Group 197","IAM User","ITEM-00788","aws","Security","IL2","false"
"IAM User Group 197","IAM User","ITEM-00789","azure","Security","IL3","false"
"IAM User Group 197","IAM User","ITEM-00790","gcp","Security","IL3","false"
"IAM User Group 197","IAM User","ITEM-00791","oracle","Security","IL5","false"
"Load Balancer Group 198","Load Balancer","ITEM-00792","aws","Networking","IL3","false"
"Load Balancer Group 198","Load Balancer","ITEM-00793","azure","Networking","IL5","false"
"Load Balancer Group 198","Load Balancer","ITEM-00794","gcp","Networking","IL4","false"
"Load Balancer Group 198","Load Balancer","ITEM-00795","oracle","Networking","IL5","false"
"Transcription API Group 199","Transcription API","ITEM-00796","aws","AI and Machine Learning","IL3","false"
"Transcription API Group 199","Transcription API","ITEM-00797","azure","AI and Machine Learning","IL4","false"
"Transcription API Group 199","Transcription API","ITEM-00798","gcp","AI and Machine Learning","IL3","false"
"Transcription API Group 199","Transcription API","ITEM-00799","oracle","AI and Machine Learning","IL5","false"
"WAF Policy Group 200","WAF Policy","ITEM-00800","aws","Security","IL5","false"
"WAF Policy Group 200","WAF Policy","ITEM-00801","azure","Security","IL5","false"
"WAF Policy Group 200","WAF Policy","ITEM-00802","gcp","Security","IL4","false"
"WAF Policy Group 200","WAF Policy","ITEM-00803","oracle","Security","IL3","false"
"Object Bucket Group 201","Object Bucket","ITEM-00804","aws","Storage","IL2","false"
"Object Bucket Group 201","Object Bucket","ITEM-00805","azure","Storage","IL2","false"
"Object Bucket Group 201","Object Bucket","ITEM-00806","gcp","Storage","IL2","false"
"Object Bucket Group 201","Object Bucket","ITEM-00807","oracle","Storage","IL2","false"
"KMS Key Group 202","KMS Key","ITEM-00808","aws","Security","IL5","false"
"KMS Key Group 202","KMS Key","ITEM-00809","azure","Security","IL3","false"
"KMS Key Group 202","KMS Key","ITEM-00810","gcp","Security","IL2","false"
"KMS Key Group 202","KMS Key","ITEM-00811","oracle","Security","IL2","false"
"Analysis Service Group 203","Analysis Service","ITEM-00812","aws","AI and Machine Learning","IL3","false"
"Analysis Service Group 203","Analysis Service","ITEM-00813","azure","AI and Machine Learning","IL3","false"
"Analysis Service Group 203","Analysis Service","ITEM-00814","gcp","AI and Machine Learning","IL4","false"
"Analysis Service Group 203","Analysis Service","ITEM-00815","oracle","AI and Machine Learning","IL5","false"
"IAM User Group 204","IAM User","ITEM-00816","aws","Security","IL4","false"
"IAM User Group 204","IAM User","ITEM-00817","azure","Security","IL5","false"
"IAM User Group 204","IAM User","ITEM-00818","gcp","Security","IL4","false"
"IAM User Group 204","IAM User","ITEM-00819","oracle","Security","IL4","false"
"WAF Policy Group 205","WAF Policy","ITEM-00820","aws","Security","IL4","false"
"WAF Policy Group 205","WAF Policy","ITEM-00821","azure","Security","IL5","false"
"WAF Policy Group 205","WAF Policy","ITEM-00822","gcp","Security","IL3","false"
"WAF Policy Group 205","WAF Policy","ITEM-00823","oracle","Security","IL2","false"
"Analysis Service Group 206","Analysis Service","ITEM-00824","aws","AI and Machine Learning","IL4","false"
"Analysis Service Group 206","Analysis Service","ITEM-00825","azure","AI and Machine Learning","IL2","false"
"Analysis Service Group 206","Analysis Service","ITEM-00826","gcp","AI and Machine Learning","IL5","false"
"Analysis Service Group 206","Analysis Service","ITEM-00827","oracle","AI and Machine Learning","IL3","false"
"Object Bucket Group 207","Object Bucket","ITEM-00828","aws","Storage","IL5","false"
"Object Bucket Group 207","Object Bucket","ITEM-00829","azure","Storage","IL3","false"
"Object Bucket Group 207","Object Bucket","ITEM-00830","gcp","Storage","IL3","false"
"Object Bucket Group 207","Object Bucket","ITEM-00831","oracle","Storage","IL5","false"
"IAM User Group 208","IAM User","ITEM-00832","aws","Security","IL4","false"
"IAM User Group 208","IAM User","ITEM-00833","azure","Security","IL2","false"
"IAM User Group 208","IAM User","ITEM-00834","gcp","Security","IL4","false"
"IAM User Group 208","IAM User","ITEM-00835","oracle","Security","IL5","false"
"ML Endpoint Group 209","ML Endpoint","ITEM-00836","aws","AI and Machine Learning","IL3","false"
"ML Endpoint Group 209","ML Endpoint","ITEM-00837","azure","AI and Machine Learning","IL2","false"
"ML Endpoint Group 209","ML Endpoint","ITEM-00838","gcp","AI and Machine Learning","IL2","false"
"ML Endpoint Group 209","ML Endpoint","ITEM-00839","oracle","AI and Machine Learning","IL4","false"
"VPC Network Group 210","VPC Network","ITEM-00840","aws","Networking","IL3","false"
"VPC Network Group 210","VPC Network","ITEM-00841","azure","Networking","IL4","false"
"VPC Network Group 210","VPC Network","ITEM-00842","gcp","Networking","IL2","false"
"VPC Network Group 210","VPC Network","ITEM-00843","oracle","Networking","IL3","false"
"Analysis Service Group 211","Analysis Service","ITEM-00844","aws","AI and Machine Learning","IL2","false"
"Analysis Service Group 211","Analysis Service","ITEM-00845","azure","AI and Machine Learning","IL5","false"
"Analysis Service Group 211","Analysis Service","ITEM-00846","gcp","AI and Machine Learning","IL5","false"
"Analysis Service Group 211","Analysis Service","ITEM-00847","oracle","AI and Machine Learning","IL3","false"
"Transcription API Group 212","Transcription API","ITEM-00848","aws","AI and Machine Learning","IL3","false"
"Transcription API Group 212","Transcription API","ITEM-00849","azure","AI and Machine Learning","IL3","false"
"Transcription API Group 212","Transcription API","ITEM-00850","gcp","AI and Machine Learning","IL4","false"
"Transcription API Group 212","Transcription API","ITEM-00851","oracle","AI and Machine Learning","IL3","false"
"WAF Policy Group 213","WAF Policy","ITEM-00852","aws","Security","IL3","false"
"WAF Policy Group 213","WAF Policy","ITEM-00853","azure","Security","IL3","false"
"WAF Policy Group 213","WAF Policy","ITEM-00854","gcp","Security","IL2","false"
"WAF Policy Group 213","WAF Policy","ITEM-00855","oracle","Security","IL4","false"
"KMS Key Group 214","KMS Key","ITEM-00856","aws","Security","IL5","false"
"KMS Key Group 214","KMS Key","ITEM-00857","azure","Security","IL3","false"
"KMS Key Group 214","KMS Key","ITEM-00858","gcp","Security","IL5","false"
"KMS Key Group 214","KMS Key","ITEM-00859","oracle","Security","IL3","false"
"Virtual Machine Group 215","Virtual Machine","ITEM-00860","aws","Compute","IL4","false"
"Virtual Machine Group 215","Virtual Machine","ITEM-00861","azure","Compute","IL3","false"
"Virtual Machine Group 215","Virtual Machine","ITEM-00862","gcp","Compute","IL2","false"
"Virtual Machine Group 215","Virtual Machine","ITEM-00863","oracle","Compute","IL3","false"
"Transcription API Group 216","Transcription API","ITEM-00864","aws","AI and Machine Learning","IL5","false"
"Transcription API Group 216","Transcription API","ITEM-00865","azure","AI and Machine Learning","IL4","false"
"Transcription API Group 216","Transcription API","ITEM-00866","gcp","AI and Machine Learning","IL3","false"
"Transcription API Group 216","Transcription API","ITEM-00867","oracle","AI and Machine Learning","IL4","false"
"IAM User Group 217","IAM User","ITEM-00868","aws","Security","IL5","false"
"IAM User Group 217","IAM User","ITEM-00869","azure","Security","IL2","false"
"IAM User Group 217","IAM User","ITEM-00870","gcp","Security","IL5","false"
"IAM User Group 217","IAM User","ITEM-00871","oracle","Security","IL4","false"
"Analysis Service Group 218","Analysis Service","ITEM-00872","aws","AI and Machine Learning","IL4","false"
"Analysis Service Group 218","Analysis Service","ITEM-00873","azure","AI and Machine Learning","IL2","false"
"Analysis Service Group 218","Analysis Service","ITEM-00874","gcp","AI and Machine Learning","IL4","false"
"Analysis Service Group 218","Analysis Service","ITEM-00875","oracle","AI and Machine Learning","IL5","false"
"CDN Distribution Group 219","CDN Distribution","ITEM-00876","aws","Networking","IL4","false"
"CDN Distribution Group 219","CDN Distribution","ITEM-00877","azure","Networking","IL5","false"
"CDN Distribution Group 219","CDN Distribution","ITEM-00878","gcp","Networking","IL2","false"
"CDN Distribution Group 219","CDN Distribution","ITEM-00879","oracle","Networking","IL4","false"
"WAF Policy Group 220","WAF Policy","ITEM-00880","aws","Security","IL3","false"
"WAF Policy Group 220","WAF Policy","ITEM-00881","azure","Security","IL2","false"
"WAF Policy Group 220","WAF Policy","ITEM-00882","gcp","Security","IL2","false"
"WAF Policy Group 220","WAF Policy","ITEM-00883","oracle","Security","IL3","false"
"CDN Distribution Group 221","CDN Distribution","ITEM-00884","aws","Networking","IL5","false"
"CDN Distribution Group 221","CDN Distribution","ITEM-00885","azure","Networking","IL5","false"
"CDN Distribution Group 221","CDN Distribution","ITEM-00886","gcp","Networking","IL4","false"
"CDN Distribution Group 221","CDN Distribution","ITEM-00887","oracle","Networking","IL3","false"
"Load Balancer Group 222","Load Balancer","ITEM-00888","aws","Networking","IL3","false"
"Load Balancer Group 222","Load Balancer","ITEM-00889","azure","Networking","IL3","false"
"Load Balancer Group 222","Load Balancer","ITEM-00890","gcp","Networking","IL2","false"
"Load Balancer Group 222","Load Balancer","ITEM-00891","oracle","Networking","IL3","false"
"KMS Key Group 223","KMS Key","ITEM-00892","aws","Security","IL2","false"
"KMS Key Group 223","KMS Key","ITEM-00893","azure","Security","IL2","false"
"KMS Key Group 223","KMS Key","ITEM-00894","gcp","Security","IL5","false"
"KMS Key Group 223","KMS Key","ITEM-00895","oracle","Security","IL3","false"
"Load Balancer Group 224","Load Balancer","ITEM-00896","aws","Networking","IL4","false"
"Load Balancer Group 224","Load Balancer","ITEM-00897","azure","Networking","IL3","false"
"Load Balancer Group 224","Load Balancer","ITEM-00898","gcp","Networking","IL2","false"
"Load Balancer Group 224","Load Balancer","ITEM-00899","oracle","Networking","IL2","false"
"ML Endpoint Group 225","ML Endpoint","ITEM-00900","aws","AI and Machine Learning","IL3","false"
"ML Endpoint Group 225","ML Endpoint","ITEM-00901","azure","AI and Machine Learning","IL2","false"
"ML Endpoint Group 225","ML Endpoint","ITEM-00902","gcp","AI and Machine Learning","IL5","false"
"ML Endpoint Group 225","ML Endpoint","ITEM-00903","oracle","AI and Machine Learning","IL2","false"
"IAM User Group 226","IAM User","ITEM-00904","aws","Security","IL2","false"
"IAM User Group 226","IAM User","ITEM-00905","azure","Security","IL2","false"
"IAM User Group 226","IAM User","ITEM-00906","gcp","Security","IL2","false"
"IAM User Group 226","IAM User","ITEM-00907","oracle","Security","IL4","false"
"WAF Policy Group 227","WAF Policy","ITEM-00908","aws","Security","IL4","false"
"WAF Policy Group 227","WAF Policy","ITEM-00909","azure","Security","IL3","false"
"WAF Policy Group 227","WAF Policy","ITEM-00910","gcp","Security","IL4","false"
"WAF Policy Group 227","WAF Policy","ITEM-00911","oracle","Security","IL4","false"
"Virtual Machine Group 228","Virtual Machine","ITEM-00912","aws","Compute","IL5","false"
"Virtual Machine Group 228","Virtual Machine","ITEM-00913","azure","Compute","IL2","false"
"Virtual Machine Group 228","Virtual Machine","ITEM-00914","gcp","Compute","IL4","false"
"Virtual Machine Group 228","Virtual Machine","ITEM-00915","oracle","Compute","IL5","false"
"Managed SQL Group 229","Managed SQL","ITEM-00916","aws","Database","IL2","false"
"Managed SQL Group 229","Managed SQL","ITEM-00917","azure","Database","IL5","false"
"Managed SQL Group 229","Managed SQL","ITEM-00918","gcp","Database","IL3","false"
"Managed SQL Group 229","Managed SQL","ITEM-00919","oracle","Database","IL5","false"
"WAF Policy Group 230","WAF Policy","ITEM-00920","aws","Security","IL5","false"
"WAF Policy Group 230","WAF Policy","ITEM-00921","azure","Security","IL5","false"
"WAF Policy Group 230","WAF Policy","ITEM-00922","gcp","Security","IL4","false"
"WAF Policy Group 230","WAF Policy","ITEM-00923","oracle","Security","IL2","false"
"Load Balancer Group 231","Load Balancer","ITEM-00924","aws","Networking","IL2","false"
"Load Balancer Group 231","Load Balancer","ITEM-00925","azure","Networking","IL2","false"
"Load Balancer Group 231","Load Balancer","ITEM-00926","gcp","Networking","IL2","false"
"Load Balancer Group 231","Load Balancer","ITEM-00927","oracle","Networking","IL3","false"
"IAM User Group 232","IAM User","ITEM-00928","aws","Security","IL4","false"
"IAM User Group 232","IAM User","ITEM-00929","azure","Security","IL5","false"
"IAM User Group 232","IAM User","ITEM-00930","gcp","Security","IL2","false"
"IAM User Group 232","IAM User","ITEM-00931","oracle","Security","IL5","false"
"Object Bucket Group 233","Object Bucket","ITEM-00932","aws","Storage","IL3","false"
"Object Bucket Group 233","Object Bucket","ITEM-00933","azure","Storage","IL5","false"
"Object Bucket Group 233","Object Bucket","ITEM-00934","gcp","Storage","IL3","false"
"Object Bucket Group 233","Object Bucket","ITEM-00935","oracle","Storage","IL3","false"
"VPC Network Group 234","VPC Network","ITEM-00936","aws","Networking","IL4","false"
"VPC Network Group 234","VPC Network","ITEM-00937","azure","Networking","IL5","false"
"VPC Network Group 234","VPC Network","ITEM-00938","gcp","Networking","IL2","false"
"VPC Network Group 234","VPC Network","ITEM-00939","oracle","Networking","IL3","false"
"Object Bucket Group 235","Object Bucket","ITEM-00940","aws","Storage","IL4","false"
"Object Bucket Group 235","Object Bucket","ITEM-00941","azure","Storage","IL2","false"
"Object Bucket Group 235","Object Bucket","ITEM-00942","gcp","Storage","IL2","false"
"Object Bucket Group 235","Object Bucket","ITEM-00943","oracle","Storage","IL5","false"
"Object Bucket Group 236","Object Bucket","ITEM-00944","aws","Storage","IL5","false"
"Object Bucket Group 236","Object Bucket","ITEM-00945","azure","Storage","IL3","false"
"Object Bucket Group 236","Object Bucket","ITEM-00946","gcp","Storage","IL5","false"
"Object Bucket Group 236","Object Bucket","ITEM-00947","oracle","Storage","IL2","false"
"CDN Distribution Group 237","CDN Distribution","ITEM-00948","aws","Networking","IL2","false"
"CDN Distribution Group 237","CDN Distribution","ITEM-00949","azure","Networking","IL2","false"
"CDN Distribution Group 237","CDN Distribution","ITEM-00950","gcp","Networking","IL3","false"
"CDN Distribution Group 237","CDN Distribution","ITEM-00951","oracle","Networking","IL2","false"
"Analysis Service Group 238","Analysis Service","ITEM-00952","aws","AI and Machine Learning","IL2","false"
"Analysis Service Group 238","Analysis Service","ITEM-00953","azure","AI and Machine Learning","IL3","false"
"Analysis Service Group 238","Analysis Service","ITEM-00954","gcp","AI and Machine Learning","IL4","false"
"Analysis Service Group 238","Analysis Service","ITEM-00955","oracle","AI and Machine Learning","IL5","false"
"VPC Network Group 239","VPC Network","ITEM-00956","aws","Networking","IL3","false"
"VPC Network Group 239","VPC Network","ITEM-00957","azure","Networking","IL5","false"
"VPC Network Group 239","VPC Network","ITEM-00958","gcp","Networking","IL3","false"
"VPC Network Group 239","VPC Network","ITEM-00959","oracle","Networking","IL3","false"
"Object Bucket Group 240","Object Bucket","ITEM-00960","aws","Storage","IL2","false"
"Object Bucket Group 240","Object Bucket","ITEM-00961","azure","Storage","IL3","false"
"Object Bucket Group 240","Object Bucket","ITEM-00962","gcp","Storage","IL4","false"
"Object Bucket Group 240","Object Bucket","ITEM-00963","oracle","Storage","IL2","false"
"Transcription API Group 241","Transcription API","ITEM-00964","aws","AI and Machine Learning","IL5","false"
"Transcription API Group 241","Transcription API","ITEM-00965","azure","AI and Machine Learning","IL5","false"
"Transcription API Group 241","Transcription API","ITEM-00966","gcp","AI and Machine Learning","IL3","false"
"Transcription API Group 241","Transcription API","ITEM-00967","oracle","AI and Machine Learning","IL4","false"
"Managed SQL Group 242","Managed SQL","ITEM-00968","aws","Database","IL5","false"
"Managed SQL Group 242","Managed SQL","ITEM-00969","azure","Database","IL3","false"
"Managed SQL Group 242","Managed SQL","ITEM-00970","gcp","Database","IL3","false"
"Managed SQL Group 242","Managed SQL","ITEM-00971","oracle","Database","IL2","false"
"Object Bucket Group 243","Object Bucket","ITEM-00972","aws","Storage","IL4","false"
"Object Bucket Group 243","Object Bucket","ITEM-00973","azure","Storage","IL4","false"
"Object Bucket Group 243","Object Bucket","ITEM-00974","gcp","Storage","IL5","false"
"Object Bucket Group 243","Object Bucket","ITEM-00975","oracle","Storage","IL5","false"
"Load Balancer Group 244","Load Balancer","ITEM-00976","aws","Networking","IL2","false"
"Load Balancer Group 244","Load Balancer","ITEM-00977","azure","Networking","IL3","false"
"Load Balancer Group 244","Load Balancer","ITEM-00978","gcp","Networking","IL2","false"
"Load Balancer Group 244","Load Balancer","ITEM-00979","oracle","Networking","IL3","false"
"Analysis Service Group 245","Analysis Service","ITEM-00980","aws","AI and Machine Learning","IL2","false"
"Analysis Service Group 245","Analysis Service","ITEM-00981","azure","AI and Machine Learning","IL5","false"
"Analysis Service Group 245","Analysis Service","ITEM-00982","gcp","AI and Machine Learning","IL4","false"
"Analysis Service Group 245","Analysis Service","ITEM-00983","oracle","AI and Machine Learning","IL4","false"
"Virtual Machine Group 246","Virtual Machine","ITEM-00984","aws","Compute","IL2","false"
"Virtual Machine Group 246","Virtual Machine","ITEM-00985","azure","Compute","IL3","false"
"Virtual Machine Group 246","Virtual Machine","ITEM-00986","gcp","Compute","IL4","false"
"Virtual Machine Group 246","Virtual Machine","ITEM-00987","oracle","Compute","IL3","false"
"WAF Policy Group 247","WAF Policy","ITEM-00988","aws","Security","IL4","false"
"WAF Policy Group 247","WAF Policy","ITEM-00989","azure","Security","IL3","false"
"WAF Policy Group 247","WAF Policy","ITEM-00990","gcp","Security","IL4","false"
"WAF Policy Group 247","WAF Policy","ITEM-00991","oracle","Security","IL3","false"
"WAF Policy Group 248","WAF Policy","ITEM-00992","aws","Security","IL2","false"
"WAF Policy Group 248","WAF Policy","ITEM-00993","azure","Security","IL5","false"
"WAF Policy Group 248","WAF Policy","ITEM-00994","gcp","Security","IL2","false"
"WAF Policy Group 248","WAF Policy","ITEM-00995","oracle","Security","IL5","false"
"WAF Policy Group 249","WAF Policy","ITEM-00996","aws","Security","IL3","false"
"WAF Policy Group 249","WAF Policy","ITEM-00997","azure","Security","IL3","false"
"WAF Policy Group 249","WAF Policy","ITEM-00998","gcp","Security","IL3","false"
"WAF Policy Group 249","WAF Policy","ITEM-00999","oracle","Security","IL4","false"
"Virtual Machine Group 250","Virtual Machine","ITEM-01000","aws","Compute","IL4","false"
"Virtual Machine Group 250","Virtual Machine","ITEM-01001","azure","Compute","IL2","false"
"Virtual Machine Group 250","Virtual Machine","ITEM-01002","gcp","Compute","IL2","false"
"Virtual Machine Group 250","Virtual Machine","ITEM-01003","oracle","Compute","IL4","false"
